0;0;0;0;land;FALSE;unknown;0
1;131;162;250;land;FALSE;forest;1
2;252;239;251;land;FALSE;plains;1
3;216;83;208;land;FALSE;plains;1
4;199;225;244;land;FALSE;plains;1
5;226;214;193;land;FALSE;plains;1
6;254;254;7;land;TRUE;plains;1
7;140;154;214;land;FALSE;plains;1
8;226;139;179;land;TRUE;plains;1
9;89;233;253;land;FALSE;forest;1
10;203;116;239;land;FALSE;plains;1
11;182;236;252;land;FALSE;plains;1
12;254;94;236;land;FALSE;forest;1
13;248;140;211;land;FALSE;forest;1
14;216;144;239;land;FALSE;forest;1
15;184;161;203;land;FALSE;plains;1
16;227;53;253;land;FALSE;plains;1
17;228;166;181;land;FALSE;hills;1
18;218;254;253;land;FALSE;forest;1
19;196;232;94;land;FALSE;forest;1
20;117;182;238;land;FALSE;forest;1
21;252;181;166;land;FALSE;forest;1
22;210;106;216;land;FALSE;plains;1
23;247;181;243;land;FALSE;plains;1
24;212;241;111;land;FALSE;forest;1
25;217;109;205;land;FALSE;plains;1
26;99;222;240;land;FALSE;forest;1
27;177;241;167;land;FALSE;plains;1
28;251;108;158;land;FALSE;forest;1
29;250;132;127;land;FALSE;plains;1
30;173;244;128;land;FALSE;plains;1
31;243;179;200;land;FALSE;plains;1
32;245;68;190;land;FALSE;plains;1
33;213;169;225;land;TRUE;plains;1
34;221;199;224;land;FALSE;plains;1
35;239;234;203;land;TRUE;plains;1
36;243;184;222;land;FALSE;forest;1
37;98;246;202;land;FALSE;forest;1
38;215;176;212;land;FALSE;forest;1
39;176;239;203;land;FALSE;plains;1
40;127;168;245;land;FALSE;plains;1
41;86;220;215;land;TRUE;plains;1
42;113;243;146;land;FALSE;plains;1
43;107;198;245;land;FALSE;forest;1
44;167;254;190;land;FALSE;plains;1
45;182;225;168;land;FALSE;plains;1
46;239;209;176;land;FALSE;plains;1
47;244;159;203;land;FALSE;plains;1
48;244;228;104;land;FALSE;plains;1
49;239;192;125;land;FALSE;plains;1
50;219;230;250;land;FALSE;plains;1
51;189;169;222;land;TRUE;forest;1
52;233;238;156;land;FALSE;forest;1
53;206;180;241;land;FALSE;forest;1
54;231;155;120;land;FALSE;plains;1
55;130;212;224;land;FALSE;plains;1
56;189;237;159;land;FALSE;plains;1
57;232;182;186;land;FALSE;forest;1
58;241;249;250;land;TRUE;plains;1
59;195;244;89;land;FALSE;plains;1
60;85;183;251;land;FALSE;plains;1
61;251;140;209;land;FALSE;forest;1
62;247;251;238;land;FALSE;plains;1
63;138;175;209;land;FALSE;plains;1
64;233;95;194;land;FALSE;plains;1
65;191;205;112;land;FALSE;plains;1
66;191;173;219;land;FALSE;plains;1
67;235;252;234;land;FALSE;forest;1
68;177;232;131;land;TRUE;plains;1
69;134;236;159;land;FALSE;plains;1
70;206;238;222;land;FALSE;forest;1
71;243;187;181;land;FALSE;urban;1
72;254;172;138;land;FALSE;forest;1
73;111;222;229;land;FALSE;plains;1
74;252;252;88;land;TRUE;plains;1
75;42;247;247;land;FALSE;plains;1
76;230;212;152;land;FALSE;plains;1
77;109;237;222;land;FALSE;plains;1
78;214;220;82;land;FALSE;plains;1
79;218;197;237;land;FALSE;plains;1
80;184;155;186;land;FALSE;plains;1
81;226;148;163;land;FALSE;plains;1
82;150;160;247;land;FALSE;plains;1
83;176;183;157;land;FALSE;forest;1
84;155;208;208;land;FALSE;forest;1
85;98;185;225;land;FALSE;plains;1
86;240;254;155;land;FALSE;plains;1
87;244;119;140;land;FALSE;plains;1
88;192;64;247;land;FALSE;forest;1
89;200;160;247;land;FALSE;plains;1
90;69;201;245;land;FALSE;plains;1
91;164;121;245;land;FALSE;plains;1
92;98;173;251;land;FALSE;forest;1
93;245;245;38;land;FALSE;plains;1
94;212;239;81;land;FALSE;forest;1
95;244;214;228;land;FALSE;plains;1
96;230;237;144;land;FALSE;plains;1
97;149;135;220;land;FALSE;forest;1
98;149;224;228;land;FALSE;plains;1
99;210;126;178;land;FALSE;plains;1
100;214;222;198;land;FALSE;plains;1
101;67;242;230;land;FALSE;plains;1
102;179;223;209;land;FALSE;plains;1
103;103;190;221;land;FALSE;forest;1
104;224;245;229;land;FALSE;forest;1
105;218;223;217;land;FALSE;forest;1
106;237;150;218;land;FALSE;forest;1
107;171;202;238;land;FALSE;plains;1
108;199;246;90;land;TRUE;plains;1
109;218;231;162;land;TRUE;plains;1
110;137;220;205;land;FALSE;plains;1
111;225;252;29;land;FALSE;plains;1
112;216;226;137;land;FALSE;forest;1
113;106;188;225;land;FALSE;plains;1
114;252;117;153;land;FALSE;forest;1
115;236;209;74;land;FALSE;plains;1
116;200;168;214;land;FALSE;plains;1
117;122;248;213;land;FALSE;forest;1
118;204;191;241;land;FALSE;plains;1
119;191;101;247;land;FALSE;plains;1
120;233;147;241;land;FALSE;forest;1
121;247;224;185;land;FALSE;forest;1
122;118;233;171;land;FALSE;plains;1
123;47;254;228;land;FALSE;plains;1
124;190;204;227;land;FALSE;plains;1
125;180;151;195;land;FALSE;plains;1
126;189;145;249;land;FALSE;plains;1
127;236;197;185;land;FALSE;forest;1
128;134;166;213;land;FALSE;forest;1
129;159;184;216;land;FALSE;forest;1
130;151;198;164;land;FALSE;forest;1
131;219;240;70;land;FALSE;forest;1
132;248;151;138;land;FALSE;plains;1
133;191;203;241;land;FALSE;plains;1
134;151;104;251;land;FALSE;forest;1
135;111;216;227;land;FALSE;plains;1
136;217;245;53;land;FALSE;forest;1
137;233;123;199;land;TRUE;plains;1
138;174;245;183;land;FALSE;plains;1
139;207;252;168;land;FALSE;hills;1
140;225;201;213;land;FALSE;plains;1
141;115;203;209;land;FALSE;plains;1
142;156;213;159;land;FALSE;forest;1
143;229;209;148;land;FALSE;plains;1
144;241;123;201;land;FALSE;plains;1
145;154;217;198;land;FALSE;forest;1
146;226;247;82;land;FALSE;plains;1
147;186;216;136;land;FALSE;plains;1
148;195;173;133;land;FALSE;forest;1
149;77;213;226;land;TRUE;plains;1
150;171;188;241;land;FALSE;forest;1
151;228;150;163;land;FALSE;plains;1
152;191;251;248;land;FALSE;plains;1
153;245;237;225;land;FALSE;plains;1
154;238;180;88;land;FALSE;plains;1
155;253;115;172;land;FALSE;plains;1
156;200;95;253;land;FALSE;plains;1
157;168;239;215;land;FALSE;plains;1
158;171;182;237;land;FALSE;plains;1
159;204;106;253;land;FALSE;forest;1
160;187;182;193;land;FALSE;plains;1
161;201;155;189;land;FALSE;forest;1
162;226;231;133;land;FALSE;forest;1
163;160;225;164;land;FALSE;plains;1
164;144;239;215;land;FALSE;forest;1
165;218;218;138;land;FALSE;forest;1
166;208;201;232;land;FALSE;plains;1
167;33;251;237;land;FALSE;plains;1
168;207;143;184;land;FALSE;plains;1
169;153;233;186;land;FALSE;forest;1
170;241;204;185;land;FALSE;plains;1
171;150;240;156;land;FALSE;forest;1
172;108;238;196;land;FALSE;plains;1
173;117;246;205;land;TRUE;plains;1
174;169;121;228;land;TRUE;plains;1
175;233;234;165;land;FALSE;forest;1
176;250;250;224;land;FALSE;plains;1
177;166;106;247;land;FALSE;plains;1
178;198;240;163;land;FALSE;plains;1
179;227;129;145;land;FALSE;plains;1
180;214;216;250;land;FALSE;plains;1
181;237;231;224;land;TRUE;plains;1
182;229;118;213;land;TRUE;plains;1
183;204;229;140;land;TRUE;plains;1
184;230;241;150;land;FALSE;forest;1
185;94;248;199;land;FALSE;plains;1
186;58;192;253;land;FALSE;forest;1
187;217;161;141;land;FALSE;plains;1
188;168;216;231;land;FALSE;plains;1
189;239;111;238;land;FALSE;plains;1
190;240;155;196;land;FALSE;plains;1
191;148;193;165;land;FALSE;forest;1
192;190;220;192;land;FALSE;forest;1
193;159;250;232;land;FALSE;plains;1
194;187;195;190;land;FALSE;forest;1
195;161;223;230;land;TRUE;marsh;1
196;187;183;170;land;FALSE;plains;1
197;172;211;229;land;FALSE;plains;1
198;155;184;171;land;FALSE;plains;1
199;244;104;254;land;FALSE;forest;1
200;160;213;163;land;FALSE;plains;1
201;205;212;249;land;TRUE;plains;1
202;227;68;247;land;FALSE;plains;1
203;177;180;244;land;FALSE;plains;1
204;38;233;230;land;FALSE;plains;1
205;185;150;239;land;FALSE;plains;1
206;140;221;210;land;FALSE;plains;1
207;229;121;189;land;FALSE;plains;1
208;167;207;190;land;FALSE;plains;1
209;152;247;118;land;TRUE;plains;1
210;222;129;177;land;FALSE;hills;1
211;82;227;247;land;FALSE;forest;1
212;194;188;176;land;FALSE;plains;1
213;208;146;155;land;FALSE;plains;1
214;59;223;250;land;FALSE;forest;1
215;182;137;250;land;FALSE;plains;1
216;148;198;201;land;FALSE;plains;1
217;218;157;251;land;FALSE;plains;1
218;196;205;233;land;FALSE;forest;1
219;160;221;205;land;FALSE;plains;1
220;237;105;161;land;FALSE;plains;1
221;124;241;151;land;FALSE;plains;1
222;202;89;241;land;FALSE;forest;1
223;196;203;220;land;FALSE;plains;1
224;136;167;208;land;FALSE;forest;1
225;247;209;239;land;FALSE;plains;1
226;91;230;216;land;FALSE;plains;1
227;230;109;178;land;FALSE;forest;1
228;244;207;88;land;FALSE;plains;1
229;174;91;241;land;FALSE;forest;1
230;250;246;111;land;FALSE;plains;1
231;101;243;222;land;TRUE;plains;1
232;199;132;186;land;FALSE;plains;1
233;171;117;225;land;FALSE;plains;1
234;117;156;229;land;FALSE;plains;1
235;157;248;191;land;FALSE;forest;1
236;239;193;139;land;FALSE;forest;1
237;200;216;176;land;FALSE;plains;1
238;120;233;150;land;FALSE;plains;1
239;139;190;251;land;FALSE;forest;1
240;245;185;232;land;FALSE;plains;1
241;221;249;121;land;FALSE;forest;1
242;148;192;211;land;FALSE;plains;1
243;69;248;190;land;TRUE;plains;1
244;84;187;239;land;FALSE;plains;1
245;217;193;231;land;FALSE;forest;1
246;223;69;212;land;FALSE;plains;1
247;175;185;169;land;FALSE;plains;1
248;123;179;202;land;FALSE;forest;1
249;245;242;149;land;FALSE;plains;1
250;206;206;111;land;FALSE;forest;1
251;181;201;142;land;FALSE;plains;1
252;205;211;155;land;FALSE;plains;1
253;233;191;151;land;FALSE;plains;1
254;173;205;152;land;FALSE;plains;1
255;220;162;164;land;FALSE;plains;1
256;199;183;234;land;FALSE;plains;1
257;230;240;102;land;FALSE;plains;1
258;108;192;236;land;FALSE;plains;1
259;78;238;188;land;FALSE;plains;1
260;249;228;177;land;FALSE;plains;1
261;221;92;191;land;FALSE;forest;1
262;236;122;183;land;FALSE;forest;1
263;240;169;142;land;FALSE;forest;1
264;217;240;245;land;FALSE;forest;1
265;237;223;178;land;FALSE;plains;1
266;207;108;188;land;FALSE;plains;1
267;226;230;61;land;FALSE;plains;1
268;249;102;186;land;FALSE;plains;1
269;163;174;184;land;FALSE;plains;1
270;245;183;89;land;FALSE;forest;1
271;205;57;241;land;FALSE;hills;1
272;211;217;94;land;FALSE;plains;1
273;118;243;239;land;FALSE;plains;1
274;227;160;140;land;FALSE;forest;1
275;252;201;154;land;FALSE;plains;1
276;112;244;172;land;FALSE;forest;1
277;122;242;166;land;FALSE;plains;1
278;64;238;218;land;FALSE;plains;1
279;162;179;237;land;FALSE;plains;1
280;254;187;148;land;FALSE;plains;1
281;215;231;82;land;FALSE;forest;1
282;182;172;213;land;FALSE;plains;1
283;251;243;80;land;FALSE;forest;1
284;231;120;178;land;TRUE;forest;1
285;238;234;47;land;FALSE;plains;1
286;218;210;229;land;FALSE;forest;1
287;225;135;199;land;FALSE;plains;1
288;208;132;234;land;FALSE;plains;1
289;219;63;243;land;FALSE;forest;1
290;212;95;212;land;FALSE;forest;1
291;228;202;75;land;FALSE;plains;1
292;245;27;243;land;FALSE;forest;1
293;219;103;197;land;FALSE;forest;1
294;179;200;148;land;FALSE;plains;1
295;128;252;199;land;FALSE;plains;1
296;246;228;143;land;FALSE;forest;1
297;249;158;106;land;FALSE;forest;1
298;168;212;241;land;FALSE;forest;1
299;163;249;96;land;FALSE;marsh;1
300;195;113;236;land;FALSE;plains;1
301;219;254;30;land;FALSE;forest;1
302;165;188;154;land;FALSE;plains;1
303;228;117;180;land;FALSE;forest;1
304;208;225;200;land;FALSE;forest;1
305;193;252;75;land;FALSE;plains;1
306;246;45;220;land;FALSE;plains;1
307;157;252;153;land;FALSE;plains;1
308;198;216;246;land;FALSE;plains;1
309;112;192;248;land;FALSE;plains;1
310;218;203;107;land;FALSE;plains;1
311;205;220;153;land;FALSE;plains;1
312;193;120;222;land;FALSE;plains;1
313;213;244;169;land;FALSE;plains;1
314;193;166;198;land;FALSE;plains;1
315;146;205;218;land;FALSE;forest;1
316;183;232;246;land;FALSE;plains;1
317;155;239;211;land;FALSE;forest;1
318;224;184;131;land;FALSE;forest;1
319;191;211;157;land;FALSE;forest;1
320;223;109;185;land;FALSE;forest;1
321;60;236;246;land;FALSE;plains;1
322;206;131;166;land;TRUE;urban;1
323;198;129;216;land;FALSE;plains;1
324;199;232;233;land;FALSE;plains;1
325;189;110;251;land;FALSE;forest;1
326;155;196;220;land;FALSE;plains;1
327;209;212;84;land;FALSE;plains;1
328;251;131;249;land;FALSE;plains;1
329;236;94;244;land;FALSE;plains;1
330;214;127;248;land;FALSE;plains;1
331;196;163;250;land;FALSE;plains;1
332;214;219;200;land;FALSE;forest;1
333;152;253;158;land;FALSE;forest;1
334;210;212;252;land;TRUE;plains;1
335;247;163;234;land;FALSE;plains;1
336;163;222;210;land;FALSE;forest;1
337;180;225;221;land;FALSE;forest;1
338;233;228;233;land;FALSE;urban;1
339;188;244;129;land;FALSE;forest;1
340;206;232;140;land;FALSE;plains;1
341;151;184;230;land;FALSE;forest;1
342;218;170;185;land;FALSE;plains;1
343;142;213;157;land;FALSE;plains;1
344;127;216;165;land;FALSE;forest;1
345;211;163;154;land;FALSE;plains;1
346;133;191;178;land;TRUE;plains;1
347;245;240;195;land;FALSE;forest;1
348;253;253;133;land;FALSE;plains;1
349;193;142;217;land;FALSE;plains;1
350;215;197;194;land;FALSE;plains;1
351;249;141;126;land;TRUE;forest;1
352;250;168;93;land;FALSE;plains;1
353;185;236;174;land;FALSE;plains;1
354;252;200;146;land;FALSE;forest;1
355;158;204;190;land;FALSE;plains;1
356;209;206;245;land;TRUE;forest;1
357;241;162;178;land;FALSE;forest;1
358;228;165;155;land;TRUE;plains;1
359;191;237;108;land;FALSE;forest;1
360;175;143;220;land;FALSE;plains;1
361;214;228;122;land;FALSE;forest;1
362;105;182;227;land;FALSE;plains;1
363;228;191;200;land;FALSE;forest;1
364;245;245;102;land;FALSE;plains;1
365;207;199;185;land;FALSE;plains;1
366;17;251;238;land;FALSE;forest;1
367;162;189;209;land;TRUE;forest;1
368;129;238;142;land;FALSE;plains;1
369;117;217;215;land;FALSE;plains;1
370;126;146;236;land;FALSE;plains;1
371;239;143;231;land;FALSE;plains;1
372;206;159;165;land;FALSE;plains;1
373;241;103;203;land;FALSE;plains;1
374;253;82;201;land;FALSE;plains;1
375;149;243;147;land;FALSE;forest;1
376;202;216;127;land;FALSE;plains;1
377;242;170;141;land;FALSE;forest;1
378;177;194;212;land;TRUE;plains;1
379;231;241;144;land;TRUE;plains;1
380;103;147;254;land;FALSE;forest;1
381;241;221;163;land;FALSE;forest;1
382;203;192;142;land;FALSE;plains;1
383;196;237;251;land;FALSE;plains;1
384;123;253;161;land;FALSE;plains;1
385;233;118;207;land;FALSE;plains;1
386;212;187;233;land;FALSE;urban;1
387;216;213;115;land;FALSE;forest;1
388;211;65;253;land;FALSE;plains;1
389;247;200;216;land;FALSE;plains;1
390;152;218;234;land;FALSE;urban;1
391;181;197;229;land;FALSE;plains;1
392;107;214;202;land;FALSE;plains;1
393;216;232;213;land;FALSE;forest;1
394;107;190;245;land;FALSE;forest;1
395;245;98;218;land;FALSE;plains;1
396;161;169;237;land;FALSE;plains;1
397;192;177;226;land;FALSE;forest;1
398;245;142;217;land;FALSE;plains;1
399;79;253;205;land;FALSE;plains;1
400;152;168;213;land;FALSE;forest;1
401;198;152;221;land;FALSE;plains;1
402;215;167;245;land;FALSE;plains;1
403;227;168;234;land;FALSE;plains;1
404;206;142;231;land;FALSE;plains;1
405;153;162;202;land;FALSE;hills;1
406;221;117;171;land;FALSE;plains;1
407;109;194;221;land;FALSE;plains;1
408;93;206;226;land;TRUE;plains;1
409;244;100;222;land;FALSE;forest;1
410;88;221;253;land;FALSE;forest;1
411;185;230;203;land;FALSE;plains;1
412;186;155;212;land;FALSE;forest;1
413;234;143;180;land;FALSE;urban;1
414;124;226;195;land;FALSE;plains;1
415;240;73;236;land;TRUE;plains;1
416;188;109;239;land;FALSE;plains;1
417;206;238;184;land;FALSE;plains;1
418;175;245;161;land;FALSE;forest;1
419;197;170;159;land;FALSE;plains;1
420;122;224;199;land;FALSE;plains;1
421;187;206;196;land;FALSE;plains;1
422;114;210;199;land;FALSE;plains;1
423;149;249;170;land;FALSE;forest;1
424;172;230;114;land;FALSE;forest;1
425;241;183;174;land;FALSE;forest;1
426;104;196;240;land;FALSE;plains;1
427;234;197;244;land;TRUE;plains;1
428;232;243;40;land;FALSE;plains;1
429;224;133;148;land;TRUE;plains;1
430;142;191;184;land;FALSE;forest;1
431;206;226;186;land;FALSE;plains;1
432;169;154;254;land;FALSE;plains;1
433;173;169;240;land;FALSE;plains;1
434;157;176;218;land;FALSE;plains;1
435;166;214;229;land;FALSE;plains;1
436;181;242;229;land;FALSE;forest;1
437;134;199;193;land;FALSE;plains;1
438;163;245;152;land;FALSE;plains;1
439;172;219;167;land;FALSE;forest;1
440;227;235;115;land;FALSE;forest;1
441;197;246;224;land;FALSE;forest;1
442;204;178;161;land;FALSE;plains;1
443;235;252;149;land;FALSE;forest;1
444;129;177;241;land;FALSE;plains;1
445;114;249;206;land;FALSE;plains;1
446;96;245;244;land;FALSE;forest;1
447;189;168;193;land;FALSE;forest;1
448;109;247;247;land;FALSE;forest;1
449;202;228;98;land;FALSE;plains;1
450;239;197;181;land;FALSE;plains;1
451;254;164;143;land;FALSE;forest;1
452;251;199;237;land;TRUE;plains;1
453;253;187;136;land;FALSE;forest;1
454;176;171;193;land;FALSE;forest;1
455;200;221;128;land;TRUE;forest;1
456;188;229;107;land;FALSE;forest;1
457;205;65;253;land;FALSE;plains;1
458;119;245;150;land;FALSE;plains;1
459;237;239;158;land;FALSE;plains;1
460;222;97;240;land;FALSE;urban;1
461;175;229;246;land;FALSE;forest;1
462;251;228;195;land;FALSE;forest;1
463;175;250;250;land;FALSE;plains;1
464;212;207;188;land;FALSE;plains;1
465;181;205;209;land;FALSE;plains;1
466;253;78;187;land;FALSE;plains;1
467;61;224;250;land;FALSE;forest;1
468;137;216;244;land;FALSE;plains;1
469;254;198;233;land;FALSE;forest;1
470;223;182;133;land;FALSE;plains;1
471;196;155;153;land;FALSE;plains;1
472;151;221;183;land;FALSE;plains;1
473;220;119;204;land;FALSE;plains;1
474;208;253;239;land;FALSE;plains;1
475;231;54;246;land;FALSE;plains;1
476;182;116;232;land;FALSE;plains;1
477;239;248;206;land;FALSE;plains;1
478;219;194;164;land;FALSE;forest;1
479;181;246;194;land;FALSE;forest;1
480;228;195;81;land;FALSE;plains;1
481;242;214;247;land;TRUE;plains;1
482;223;218;86;land;FALSE;forest;1
483;103;171;247;land;FALSE;plains;1
484;146;151;219;land;FALSE;plains;1
485;238;210;192;land;FALSE;forest;1
486;250;45;226;land;FALSE;forest;1
487;179;228;156;land;FALSE;plains;1
488;194;214;114;land;FALSE;plains;1
489;78;198;227;land;FALSE;plains;1
490;218;127;242;land;FALSE;plains;1
491;178;227;138;land;FALSE;plains;1
492;223;239;39;land;FALSE;plains;1
493;240;132;182;land;FALSE;forest;1
494;198;199;136;land;FALSE;forest;1
495;111;231;163;land;FALSE;forest;1
496;137;156;221;land;FALSE;plains;1
497;232;241;241;land;FALSE;forest;1
498;194;114;223;land;FALSE;forest;1
499;72;247;244;land;FALSE;plains;1
500;138;152;231;land;FALSE;forest;1
501;135;180;245;land;FALSE;plains;1
502;217;219;146;land;FALSE;plains;1
503;247;82;188;land;FALSE;plains;1
504;240;206;65;land;FALSE;plains;1
505;232;142;160;land;FALSE;plains;1
506;253;231;23;land;TRUE;forest;1
507;96;237;199;land;FALSE;forest;1
508;250;201;222;land;FALSE;plains;1
509;222;170;191;land;FALSE;plains;1
510;240;177;109;land;FALSE;forest;1
511;76;220;242;land;FALSE;plains;1
512;81;224;238;land;FALSE;forest;1
513;152;160;227;land;FALSE;plains;1
514;95;252;180;land;FALSE;plains;1
515;233;224;50;land;FALSE;plains;1
516;96;235;250;land;FALSE;plains;1
517;143;254;250;land;FALSE;plains;1
518;163;190;199;land;FALSE;forest;1
519;161;169;204;land;FALSE;forest;1
520;220;83;244;land;FALSE;plains;1
521;254;194;159;land;FALSE;plains;1
522;84;202;236;land;FALSE;plains;1
523;238;165;230;land;FALSE;plains;1
524;123;246;163;land;FALSE;plains;1
525;242;197;115;land;FALSE;forest;1
526;249;96;237;land;FALSE;forest;1
527;234;182;132;land;TRUE;urban;1
528;110;157;242;land;FALSE;forest;1
529;227;128;217;land;FALSE;forest;1
530;175;196;155;land;FALSE;plains;1
531;182;212;209;land;FALSE;plains;1
532;237;184;156;land;FALSE;plains;1
533;226;170;233;land;FALSE;plains;1
534;147;233;248;land;FALSE;plains;1
535;220;207;130;land;FALSE;forest;1
536;152;251;237;land;FALSE;plains;1
537;113;249;248;land;FALSE;forest;1
538;54;236;250;land;FALSE;plains;1
539;241;51;209;land;TRUE;plains;1
540;101;158;249;land;FALSE;plains;1
541;180;101;244;land;FALSE;hills;1
542;225;201;92;land;TRUE;plains;1
543;175;166;240;land;FALSE;plains;1
544;140;206;171;land;FALSE;plains;1
545;244;165;106;land;FALSE;plains;1
546;51;244;219;land;FALSE;plains;1
547;237;57;249;land;FALSE;plains;1
548;145;234;163;land;FALSE;plains;1
549;211;227;223;land;FALSE;plains;1
550;211;120;232;land;TRUE;urban;1
551;251;187;190;land;FALSE;plains;1
552;154;139;215;land;FALSE;plains;1
553;116;225;192;land;FALSE;plains;1
554;229;203;142;land;FALSE;plains;1
555;248;240;143;land;FALSE;forest;1
556;231;114;230;land;FALSE;forest;1
557;246;191;151;land;TRUE;plains;1
558;230;150;129;land;FALSE;plains;1
559;142;212;210;land;TRUE;forest;1
560;126;213;181;land;FALSE;forest;1
561;236;224;245;land;TRUE;plains;1
562;196;188;219;land;FALSE;forest;1
563;250;158;133;land;FALSE;plains;1
564;180;181;147;land;FALSE;plains;1
565;226;132;175;land;FALSE;plains;1
566;182;192;225;land;FALSE;plains;1
567;222;213;217;land;FALSE;plains;1
568;249;157;116;land;TRUE;urban;1
569;141;228;146;land;FALSE;plains;1
570;238;248;109;land;FALSE;plains;1
571;179;133;215;land;TRUE;plains;1
572;152;203;234;land;FALSE;plains;1
573;59;243;219;land;TRUE;marsh;1
574;81;231;243;land;FALSE;plains;1
575;135;207;187;land;FALSE;forest;1
576;169;198;172;land;FALSE;plains;1
577;179;182;221;land;FALSE;forest;1
578;217;253;140;land;TRUE;plains;1
579;68;243;210;land;FALSE;forest;1
580;102;200;203;land;FALSE;hills;1
581;206;193;209;land;FALSE;plains;1
582;253;24;234;land;FALSE;plains;1
583;222;183;96;land;TRUE;plains;1
584;152;242;248;land;FALSE;plains;1
585;184;228;254;land;FALSE;forest;1
586;162;254;196;land;FALSE;forest;1
587;107;241;251;land;FALSE;plains;1
588;237;191;92;land;FALSE;plains;1
589;219;254;212;land;FALSE;plains;1
590;234;169;221;land;FALSE;forest;1
591;192;162;230;land;FALSE;hills;1
592;143;212;154;land;FALSE;forest;1
593;166;197;184;land;FALSE;forest;1
594;155;156;224;land;FALSE;forest;1
595;229;210;104;land;FALSE;plains;1
596;187;136;238;land;FALSE;urban;1
597;140;249;166;land;FALSE;plains;1
598;136;220;194;land;FALSE;forest;1
599;157;143;215;land;FALSE;plains;1
600;198;143;175;land;TRUE;plains;1
601;241;247;226;land;TRUE;plains;1
602;193;248;127;land;FALSE;plains;1
603;134;235;174;land;FALSE;plains;1
604;201;235;66;land;FALSE;forest;1
605;179;132;232;land;FALSE;plains;1
606;151;189;249;land;FALSE;plains;1
607;196;254;51;land;FALSE;plains;1
608;235;94;254;land;TRUE;plains;1
609;104;222;201;land;FALSE;plains;1
610;186;191;247;land;FALSE;forest;1
611;169;175;241;land;FALSE;plains;1
612;249;50;249;land;FALSE;plains;1
613;165;227;194;land;FALSE;plains;1
614;214;245;239;land;FALSE;plains;1
615;172;235;250;land;TRUE;plains;1
616;208;184;149;land;FALSE;plains;1
617;136;190;179;land;FALSE;plains;1
618;185;251;117;land;FALSE;plains;1
619;197;181;221;land;FALSE;plains;1
620;236;51;245;land;FALSE;plains;1
621;120;218;167;land;FALSE;plains;1
622;212;203;241;land;FALSE;plains;1
623;174;188;243;land;FALSE;plains;1
624;242;195;157;land;FALSE;plains;1
625;250;214;235;land;FALSE;plains;1
626;151;208;215;land;FALSE;plains;1
627;252;91;190;land;FALSE;plains;1
628;206;147;166;land;FALSE;plains;1
629;209;218;145;land;FALSE;plains;1
630;253;253;172;land;FALSE;plains;1
631;205;193;121;land;FALSE;forest;1
632;158;218;168;land;FALSE;forest;1
633;190;199;235;land;FALSE;plains;1
634;253;60;246;land;FALSE;plains;1
635;210;120;201;land;FALSE;plains;1
636;241;156;188;land;FALSE;plains;1
637;112;229;173;land;FALSE;forest;1
638;221;246;186;land;FALSE;plains;1
639;129;224;160;land;FALSE;plains;1
640;239;167;189;land;FALSE;plains;1
641;202;171;203;land;FALSE;plains;1
642;136;180;243;land;FALSE;plains;1
643;54;209;242;land;FALSE;plains;1
644;172;201;135;land;TRUE;plains;1
645;243;32;253;land;FALSE;forest;1
646;244;91;219;land;FALSE;plains;1
647;174;101;252;land;FALSE;plains;1
648;231;210;83;land;FALSE;forest;1
649;179;228;200;land;FALSE;plains;1
650;21;239;248;land;FALSE;forest;1
651;227;196;214;land;FALSE;plains;1
652;170;222;254;land;FALSE;plains;1
653;191;204;187;land;TRUE;plains;1
654;206;101;252;land;FALSE;forest;1
655;126;173;246;land;FALSE;forest;1
656;169;214;234;land;FALSE;plains;1
657;211;156;218;land;FALSE;forest;1
658;186;116;225;land;FALSE;plains;1
659;232;241;184;land;FALSE;forest;1
660;247;142;165;land;FALSE;forest;1
661;203;247;212;land;FALSE;forest;1
662;185;231;164;land;FALSE;forest;1
663;173;124;240;land;FALSE;plains;1
664;166;245;202;land;FALSE;plains;1
665;249;182;196;land;FALSE;plains;1
666;238;54;241;land;FALSE;plains;1
667;213;176;152;land;FALSE;plains;1
668;190;244;114;land;FALSE;plains;1
669;245;117;224;land;FALSE;plains;1
670;189;239;163;land;FALSE;plains;1
671;183;182;228;land;FALSE;urban;1
672;131;195;196;land;FALSE;plains;1
673;126;164;254;land;FALSE;plains;1
674;168;179;172;land;FALSE;forest;1
675;173;223;112;land;FALSE;plains;1
676;153;179;215;land;FALSE;forest;1
677;224;137;179;land;FALSE;plains;1
678;151;176;184;land;FALSE;plains;1
679;214;211;223;land;FALSE;plains;1
680;223;246;213;land;FALSE;forest;1
681;134;175;241;land;FALSE;forest;1
682;252;229;184;land;FALSE;plains;1
683;254;230;146;land;FALSE;plains;1
684;234;217;181;land;FALSE;plains;1
685;247;101;181;land;FALSE;plains;1
686;219;161;134;land;FALSE;plains;1
687;173;90;252;land;FALSE;forest;1
688;182;213;209;land;FALSE;plains;1
689;214;112;227;land;FALSE;plains;1
690;53;254;253;land;TRUE;plains;1
691;236;151;192;land;TRUE;plains;1
692;208;178;180;land;FALSE;forest;1
693;240;140;215;land;FALSE;plains;1
694;93;218;254;land;FALSE;forest;1
695;202;128;176;land;FALSE;plains;1
696;201;243;113;land;TRUE;plains;1
697;157;198;184;land;FALSE;plains;1
698;163;238;112;land;TRUE;marsh;1
699;169;246;221;land;FALSE;forest;1
700;211;231;200;land;TRUE;plains;1
701;237;151;162;land;TRUE;plains;1
702;253;173;249;land;FALSE;plains;1
703;238;188;126;land;FALSE;plains;1
704;232;150;139;land;FALSE;forest;1
705;191;84;246;land;FALSE;forest;1
706;209;254;39;land;TRUE;plains;1
707;221;154;146;land;FALSE;plains;1
708;235;231;45;land;FALSE;plains;1
709;249;191;96;land;FALSE;forest;1
710;213;230;105;land;TRUE;plains;1
711;232;81;199;land;FALSE;plains;1
712;123;230;208;land;FALSE;forest;1
713;90;234;188;land;FALSE;plains;1
714;139;173;237;land;FALSE;forest;1
715;80;199;249;land;FALSE;plains;1
716;218;151;142;land;FALSE;forest;1
717;196;167;196;land;FALSE;plains;1
718;196;150;213;land;FALSE;forest;1
719;175;123;214;land;FALSE;plains;1
720;22;241;243;land;FALSE;forest;1
721;244;216;150;land;FALSE;plains;1
722;108;169;252;land;FALSE;forest;1
723;243;206;124;land;FALSE;plains;1
724;244;190;104;land;FALSE;plains;1
725;136;145;226;land;TRUE;forest;1
726;178;251;111;land;FALSE;forest;1
727;254;216;243;land;TRUE;plains;1
728;199;191;244;land;FALSE;plains;1
729;44;254;221;land;FALSE;plains;1
730;125;170;219;land;FALSE;plains;1
731;227;95;199;land;FALSE;marsh;1
732;211;134;229;land;FALSE;plains;1
733;166;238;146;land;FALSE;forest;1
734;217;249;170;land;FALSE;forest;1
735;207;250;182;land;FALSE;plains;1
736;163;127;212;land;FALSE;plains;1
737;181;88;249;land;FALSE;plains;1
738;106;246;177;land;FALSE;plains;1
739;253;205;105;land;FALSE;forest;1
740;226;241;233;land;FALSE;plains;1
741;129;167;248;land;FALSE;plains;1
742;202;244;246;land;FALSE;plains;1
743;232;223;182;land;FALSE;plains;1
744;176;208;144;land;FALSE;plains;1
745;178;131;247;land;FALSE;forest;1
746;252;145;249;land;FALSE;plains;1
747;171;157;186;land;TRUE;forest;1
748;167;249;86;land;FALSE;forest;1
749;253;244;242;land;FALSE;forest;1
750;189;230;96;land;FALSE;plains;1
751;217;170;156;land;FALSE;plains;1
752;134;248;181;land;FALSE;plains;1
753;235;67;217;land;FALSE;forest;1
754;176;150;208;land;FALSE;forest;1
755;180;203;248;land;FALSE;plains;1
756;152;252;185;land;FALSE;forest;1
757;168;209;202;land;FALSE;forest;1
758;197;249;103;land;FALSE;plains;1
759;159;239;240;land;FALSE;urban;1
760;175;177;155;land;FALSE;plains;1
761;212;247;146;land;FALSE;plains;1
762;240;184;148;land;FALSE;forest;1
763;205;213;186;land;FALSE;plains;1
764;207;238;189;land;FALSE;plains;1
765;137;212;249;land;TRUE;plains;1
766;59;228;234;land;FALSE;plains;1
767;102;235;169;land;FALSE;plains;1
768;252;163;90;land;FALSE;plains;1
769;73;212;233;land;FALSE;plains;1
770;180;162;188;land;FALSE;plains;1
771;115;230;206;land;FALSE;plains;1
772;217;223;129;land;FALSE;forest;1
773;238;98;221;land;TRUE;plains;1
774;247;205;208;land;FALSE;plains;1
775;250;135;246;land;FALSE;plains;1
776;239;136;176;land;FALSE;forest;1
777;147;184;180;land;FALSE;plains;1
778;126;186;222;land;FALSE;plains;1
779;249;162;139;land;FALSE;forest;1
780;197;188;196;land;FALSE;plains;1
781;121;222;242;land;FALSE;plains;1
782;120;155;245;land;FALSE;plains;1
783;130;176;197;land;FALSE;plains;1
784;234;225;238;land;FALSE;forest;1
785;82;188;243;land;FALSE;forest;1
786;190;173;142;land;FALSE;forest;1
787;254;115;161;land;FALSE;forest;1
788;233;126;185;land;FALSE;plains;1
789;169;170;187;land;FALSE;plains;1
790;153;124;229;land;FALSE;plains;1
791;188;194;230;land;FALSE;plains;1
792;98;214;197;land;TRUE;plains;1
793;140;250;168;land;FALSE;plains;1
794;181;232;184;land;FALSE;plains;1
795;204;169;167;land;FALSE;forest;1
796;161;151;192;land;FALSE;plains;1
797;228;91;208;land;TRUE;plains;1
798;167;236;142;land;FALSE;hills;1
799;194;205;177;land;FALSE;plains;1
800;159;236;116;land;TRUE;plains;1
801;177;244;165;land;FALSE;plains;1
802;230;196;127;land;FALSE;plains;1
803;67;241;197;land;FALSE;urban;1
804;209;229;67;land;FALSE;forest;1
805;212;192;240;land;FALSE;plains;1
806;162;232;228;land;TRUE;plains;1
807;234;220;130;land;FALSE;plains;1
808;157;220;172;land;FALSE;plains;1
809;242;182;101;land;FALSE;plains;1
810;247;158;205;land;FALSE;plains;1
811;146;221;164;land;FALSE;forest;1
812;238;226;78;land;FALSE;plains;1
813;193;126;253;land;FALSE;forest;1
814;241;181;175;land;TRUE;plains;1
815;238;235;240;land;FALSE;plains;1
816;199;164;164;land;FALSE;plains;1
817;180;218;203;land;FALSE;plains;1
818;193;248;219;land;FALSE;plains;1
819;101;237;250;land;FALSE;plains;1
820;243;159;177;land;FALSE;forest;1
821;254;192;118;land;FALSE;plains;1
822;254;185;143;land;FALSE;forest;1
823;232;203;245;land;FALSE;forest;1
824;46;228;232;land;FALSE;plains;1
825;222;232;107;land;FALSE;forest;1
826;219;124;188;land;FALSE;forest;1
827;94;164;252;land;FALSE;forest;1
828;148;167;186;land;FALSE;forest;1
829;225;124;204;land;TRUE;forest;1
830;94;182;237;land;FALSE;plains;1
831;212;148;188;land;FALSE;forest;1
832;246;141;238;land;FALSE;plains;1
833;90;238;219;land;FALSE;forest;1
834;202;249;191;land;FALSE;plains;1
835;176;229;246;land;FALSE;plains;1
836;169;156;190;land;FALSE;plains;1
837;235;177;225;land;FALSE;forest;1
838;184;230;172;land;FALSE;plains;1
839;133;204;207;land;FALSE;plains;1
840;179;210;229;land;FALSE;plains;1
841;116;178;238;land;FALSE;forest;1
842;240;198;89;land;FALSE;plains;1
843;141;224;147;land;FALSE;plains;1
844;231;116;241;land;FALSE;plains;1
845;251;102;209;land;FALSE;plains;1
846;109;237;215;land;FALSE;forest;1
847;208;204;148;land;TRUE;plains;1
848;129;181;247;land;TRUE;plains;1
849;247;127;216;land;TRUE;plains;1
850;240;130;176;land;FALSE;plains;1
851;186;233;231;land;FALSE;plains;1
852;60;238;240;land;FALSE;plains;1
853;219;234;159;land;FALSE;plains;1
854;63;236;234;land;FALSE;plains;1
855;172;171;192;land;FALSE;plains;1
856;247;54;224;land;FALSE;forest;1
857;232;252;41;land;FALSE;plains;1
858;170;207;229;land;FALSE;plains;1
859;235;220;213;land;FALSE;forest;1
860;218;241;61;land;FALSE;plains;1
861;67;195;249;land;FALSE;plains;1
862;229;139;185;land;FALSE;plains;1
863;171;207;185;land;FALSE;plains;1
864;224;220;217;land;FALSE;plains;1
865;27;250;228;land;FALSE;plains;1
866;161;150;193;land;FALSE;plains;1
867;218;253;132;land;FALSE;forest;1
868;136;198;201;land;FALSE;forest;1
869;109;197;236;land;FALSE;plains;1
870;206;222;88;land;TRUE;plains;1
871;183;245;108;land;FALSE;plains;1
872;204;219;223;land;FALSE;forest;1
873;140;234;214;land;FALSE;plains;1
874;70;197;243;land;FALSE;plains;1
875;219;245;221;land;FALSE;plains;1
876;240;193;112;land;FALSE;urban;1
877;181;173;181;land;FALSE;forest;1
878;226;96;235;land;FALSE;forest;1
879;179;158;232;land;FALSE;urban;1
880;129;244;221;land;FALSE;plains;1
881;168;206;139;land;FALSE;plains;1
882;227;222;81;land;FALSE;plains;1
883;212;213;242;land;FALSE;plains;1
884;248;181;97;land;FALSE;plains;1
885;202;215;210;land;TRUE;plains;1
886;174;219;246;land;FALSE;forest;1
887;87;245;237;land;FALSE;forest;1
888;207;174;238;land;FALSE;forest;1
889;232;141;249;land;FALSE;plains;1
890;199;243;198;land;TRUE;plains;1
891;215;114;214;land;TRUE;plains;1
892;80;231;231;land;FALSE;forest;1
893;223;210;194;land;FALSE;plains;1
894;247;209;252;land;FALSE;plains;1
895;153;142;235;land;FALSE;forest;1
896;166;216;208;land;FALSE;forest;1
897;205;178;243;land;FALSE;forest;1
898;5;250;254;land;FALSE;plains;1
899;195;234;188;land;FALSE;plains;1
900;251;241;246;land;FALSE;plains;1
901;253;246;186;land;FALSE;plains;1
902;169;132;224;land;FALSE;plains;1
903;208;89;214;land;TRUE;plains;1
904;251;140;187;land;FALSE;plains;1
905;178;216;171;land;FALSE;plains;1
906;164;234;125;land;FALSE;forest;1
907;137;207;161;land;FALSE;plains;1
908;180;231;131;land;FALSE;plains;1
909;181;240;85;land;FALSE;plains;1
910;182;212;133;land;FALSE;hills;1
911;157;191;243;land;FALSE;plains;1
912;103;207;229;land;FALSE;plains;1
913;239;242;35;land;FALSE;plains;1
914;173;177;221;land;FALSE;plains;1
915;249;238;192;land;FALSE;plains;1
916;203;203;140;land;FALSE;plains;1
917;131;240;222;land;FALSE;forest;1
918;180;207;235;land;FALSE;plains;1
919;156;211;146;land;FALSE;plains;1
920;175;243;191;land;FALSE;plains;1
921;234;210;75;land;FALSE;forest;1
922;147;160;227;land;FALSE;forest;1
923;172;240;157;land;FALSE;forest;1
924;251;218;166;land;FALSE;plains;1
925;121;150;246;land;TRUE;plains;1
926;58;230;223;land;FALSE;plains;1
927;250;123;241;land;FALSE;forest;1
928;223;74;237;land;FALSE;plains;1
929;210;188;251;land;FALSE;plains;1
930;191;191;218;land;FALSE;plains;1
931;249;195;119;land;TRUE;plains;1
932;238;111;161;land;FALSE;forest;1
933;247;101;224;land;FALSE;plains;1
934;226;241;165;land;FALSE;plains;1
935;229;149;191;land;FALSE;plains;1
936;225;138;141;land;FALSE;forest;1
937;192;228;125;land;FALSE;forest;1
938;113;251;244;land;TRUE;forest;1
939;195;165;230;land;TRUE;plains;1
940;192;178;183;land;FALSE;forest;1
941;238;193;159;land;FALSE;forest;1
942;244;249;76;land;TRUE;plains;1
943;206;175;186;land;FALSE;plains;1
944;162;214;213;land;FALSE;plains;1
945;135;162;205;land;FALSE;forest;1
946;165;189;244;land;FALSE;plains;1
947;63;232;216;land;FALSE;plains;1
948;179;156;209;land;FALSE;plains;1
949;115;217;189;land;FALSE;forest;1
950;116;227;237;land;FALSE;forest;1
951;128;239;145;land;FALSE;forest;1
952;194;183;163;land;FALSE;plains;1
953;179;164;173;land;FALSE;plains;1
954;219;119;180;land;FALSE;plains;1
955;156;208;142;land;FALSE;marsh;1
956;244;149;172;land;FALSE;forest;1
957;204;228;243;land;FALSE;plains;1
958;249;204;168;land;FALSE;plains;1
959;223;169;234;land;FALSE;plains;1
960;130;239;150;land;FALSE;forest;1
961;165;230;249;land;FALSE;plains;1
962;162;227;114;land;FALSE;plains;1
963;191;165;230;land;FALSE;forest;1
964;184;187;205;land;FALSE;plains;1
965;197;235;172;land;FALSE;plains;1
966;153;182;246;land;FALSE;plains;1
967;242;205;125;land;FALSE;forest;1
968;161;253;225;land;FALSE;plains;1
969;167;247;97;land;FALSE;plains;1
970;186;208;248;land;FALSE;plains;1
971;223;222;180;land;FALSE;plains;1
972;197;226;80;land;FALSE;plains;1
973;187;240;147;land;FALSE;forest;1
974;227;223;223;land;FALSE;marsh;1
975;243;196;105;land;FALSE;plains;1
976;84;236;232;land;FALSE;plains;1
977;254;241;201;land;FALSE;plains;1
978;130;208;212;land;FALSE;plains;1
979;251;234;212;land;FALSE;forest;1
980;234;194;157;land;FALSE;plains;1
981;224;162;186;land;FALSE;hills;1
982;217;95;239;land;FALSE;plains;1
983;234;183;249;land;FALSE;plains;1
984;247;231;106;land;FALSE;forest;1
985;169;223;124;land;FALSE;plains;1
986;208;226;223;land;FALSE;forest;1
987;186;186;170;land;TRUE;plains;1
988;157;167;223;land;FALSE;plains;1
989;228;168;108;land;FALSE;plains;1
990;185;250;155;land;FALSE;forest;1
991;194;173;138;land;FALSE;plains;1
992;254;149;228;land;FALSE;plains;1
993;224;184;182;land;TRUE;urban;1
994;102;202;248;land;FALSE;plains;1
995;218;241;130;land;FALSE;forest;1
996;142;251;138;land;TRUE;plains;1
997;111;206;224;land;FALSE;forest;1
998;249;234;122;land;FALSE;forest;1
999;188;209;152;land;FALSE;plains;1
1000;251;188;190;land;FALSE;plains;1
1001;217;37;254;land;FALSE;forest;1
1002;189;228;162;land;FALSE;urban;1
1003;153;166;237;land;FALSE;plains;1
1004;224;187;221;land;FALSE;forest;1
1005;244;176;226;land;TRUE;plains;1
1006;234;121;174;land;FALSE;plains;1
1007;148;249;129;land;FALSE;plains;1
1008;233;185;114;land;FALSE;plains;1
1009;240;223;229;land;FALSE;hills;1
1010;77;252;241;land;FALSE;forest;1
1011;155;193;209;land;FALSE;plains;1
1012;190;141;220;land;FALSE;plains;1
1013;186;252;99;land;FALSE;plains;1
1014;204;61;246;land;FALSE;plains;1
1015;240;241;108;land;FALSE;forest;1
1016;239;238;147;land;FALSE;plains;1
1017;153;231;216;land;FALSE;plains;1
1018;161;169;242;land;FALSE;plains;1
1019;234;67;208;land;FALSE;plains;1
1020;178;233;92;land;FALSE;forest;1
1021;229;239;171;land;FALSE;plains;1
1022;216;86;204;land;FALSE;plains;1
1023;241;127;251;land;FALSE;forest;1
1024;222;206;156;land;FALSE;plains;1
1025;183;245;155;land;TRUE;plains;1
1026;205;149;251;land;FALSE;plains;1
1027;188;251;133;land;FALSE;plains;1
1028;236;242;59;land;FALSE;plains;1
1029;128;161;254;land;FALSE;plains;1
1030;147;174;248;land;FALSE;plains;1
1031;211;254;235;land;FALSE;forest;1
1032;183;215;173;land;FALSE;plains;1
1033;210;228;182;land;FALSE;plains;1
1034;201;239;85;land;TRUE;plains;1
1035;254;177;133;land;FALSE;forest;1
1036;82;247;223;land;FALSE;plains;1
1037;92;228;205;land;FALSE;plains;1
1038;173;154;191;land;TRUE;forest;1
1039;196;195;165;land;TRUE;plains;1
1040;222;215;87;land;FALSE;plains;1
1041;251;227;41;land;FALSE;forest;1
1042;116;168;233;land;FALSE;plains;1
1043;242;239;206;land;FALSE;plains;1
1044;183;252;99;land;FALSE;plains;1
1045;250;149;144;land;FALSE;plains;1
1046;152;177;222;land;FALSE;plains;1
1047;42;241;243;land;FALSE;forest;1
1048;216;253;104;land;FALSE;forest;1
1049;111;198;217;land;FALSE;plains;1
1050;248;215;54;land;FALSE;plains;1
1051;212;250;151;land;FALSE;plains;1
1052;148;233;194;land;FALSE;plains;1
1053;129;254;125;land;FALSE;forest;1
1054;237;242;169;land;FALSE;plains;1
1055;193;233;176;land;FALSE;forest;1
1056;60;229;240;land;FALSE;plains;1
1057;175;232;103;land;FALSE;forest;1
1058;227;163;216;land;FALSE;plains;1
1059;218;249;190;land;FALSE;plains;1
1060;230;124;151;land;FALSE;plains;1
1061;107;229;254;land;FALSE;plains;1
1062;99;186;253;land;FALSE;plains;1
1063;178;231;193;land;FALSE;forest;1
1064;242;162;105;land;FALSE;forest;1
1065;240;208;65;land;FALSE;plains;1
1066;218;116;248;land;TRUE;plains;1
1067;241;173;220;land;FALSE;plains;1
1068;223;242;56;land;FALSE;plains;1
1069;192;213;97;land;FALSE;plains;1
1070;244;215;62;land;FALSE;plains;1
1071;248;224;127;land;FALSE;forest;1
1072;204;216;157;land;FALSE;plains;1
1073;152;208;150;land;FALSE;plains;1
1074;119;197;216;land;FALSE;plains;1
1075;131;242;201;land;FALSE;plains;1
1076;158;178;239;land;FALSE;plains;1
1077;193;221;231;land;FALSE;forest;1
1078;232;116;215;land;FALSE;plains;1
1079;214;219;248;land;FALSE;forest;1
1080;163;252;129;land;FALSE;plains;1
1081;180;77;245;land;FALSE;plains;1
1082;179;217;111;land;FALSE;plains;1
1083;203;164;213;land;FALSE;plains;1
1084;193;219;121;land;FALSE;forest;1
1085;231;184;156;land;FALSE;plains;1
1086;188;150;248;land;FALSE;plains;1
1087;176;211;128;land;FALSE;plains;1
1088;245;183;108;land;FALSE;forest;1
1089;250;164;204;land;FALSE;plains;1
1090;196;170;165;land;TRUE;forest;1
1091;170;247;249;land;FALSE;forest;1
1092;250;124;158;land;FALSE;plains;1
1093;183;251;208;land;FALSE;plains;1
1094;234;185;207;land;FALSE;forest;1
1095;217;78;254;land;FALSE;plains;1
1096;147;199;247;land;FALSE;plains;1
1097;153;242;196;land;FALSE;plains;1
1098;208;133;213;land;FALSE;plains;1
1099;237;197;81;land;FALSE;plains;1
1100;183;219;224;land;FALSE;plains;1
1101;193;128;242;land;TRUE;plains;1
1102;210;210;231;land;FALSE;forest;1
1103;243;67;250;land;FALSE;plains;1
1104;128;241;201;land;FALSE;plains;1
1105;240;68;207;land;FALSE;plains;1
1106;253;70;248;land;FALSE;plains;1
1107;170;209;238;land;FALSE;plains;1
1108;162;115;238;land;FALSE;plains;1
1109;92;231;230;land;FALSE;plains;1
1110;254;24;232;land;FALSE;plains;1
1111;254;103;146;land;FALSE;plains;1
1112;173;144;211;land;FALSE;plains;1
1113;172;226;120;land;FALSE;forest;1
1114;206;185;197;land;FALSE;plains;1
1115;168;210;126;land;FALSE;plains;1
1116;167;202;211;land;TRUE;forest;1
1117;218;212;107;land;FALSE;plains;1
1118;86;223;199;land;FALSE;plains;1
1119;237;143;154;land;FALSE;plains;1
1120;243;167;219;land;FALSE;plains;1
1121;245;233;169;land;FALSE;forest;1
1122;197;120;195;land;FALSE;forest;1
1123;211;202;251;land;FALSE;urban;1
1124;220;247;48;land;TRUE;forest;1
1125;100;206;220;land;TRUE;plains;1
1126;168;110;235;land;FALSE;forest;1
1127;204;245;214;land;FALSE;plains;1
1128;227;198;248;land;FALSE;plains;1
1129;207;230;171;land;FALSE;plains;1
1130;254;143;110;land;FALSE;plains;1
1131;192;168;225;land;FALSE;plains;1
1132;225;199;249;land;FALSE;plains;1
1133;232;194;196;land;FALSE;forest;1
1134;158;219;175;land;FALSE;plains;1
1135;220;218;190;land;FALSE;forest;1
1136;195;206;160;land;TRUE;plains;1
1137;204;52;246;land;FALSE;plains;1
1138;183;107;244;land;FALSE;forest;1
1139;237;204;152;land;FALSE;forest;1
1140;154;171;194;land;FALSE;plains;1
1141;249;157;212;land;FALSE;plains;1
1142;202;164;217;land;FALSE;forest;1
1143;140;175;201;land;FALSE;plains;1
1144;227;212;70;land;FALSE;forest;1
1145;221;120;221;land;FALSE;plains;1
1146;230;210;161;land;FALSE;plains;1
1147;158;235;199;land;FALSE;hills;1
1148;145;216;179;land;FALSE;forest;1
1149;172;244;141;land;FALSE;plains;1
1150;219;215;91;land;FALSE;plains;1
1151;130;244;176;land;TRUE;plains;1
1152;212;78;223;land;FALSE;plains;1
1153;219;241;134;land;FALSE;forest;1
1154;206;209;150;land;FALSE;plains;1
1155;110;243;204;land;TRUE;plains;1
1156;189;109;223;land;FALSE;plains;1
1157;82;196;233;land;FALSE;forest;1
1158;225;241;236;land;FALSE;plains;1
1159;132;193;184;land;TRUE;plains;1
1160;126;223;203;land;FALSE;plains;1
1161;155;121;230;land;FALSE;plains;1
1162;226;199;143;land;FALSE;plains;1
1163;252;167;246;land;TRUE;plains;1
1164;251;134;212;land;FALSE;plains;1
1165;238;194;199;land;FALSE;plains;1
1166;247;58;202;land;FALSE;plains;1
1167;215;233;149;land;FALSE;plains;1
1168;230;177;158;land;FALSE;forest;1
1169;237;193;239;land;TRUE;urban;1
1170;124;204;177;land;FALSE;plains;1
1171;211;235;72;land;FALSE;plains;1
1172;230;239;108;land;FALSE;plains;1
1173;157;213;145;land;FALSE;marsh;1
1174;116;237;240;land;FALSE;plains;1
1175;131;183;233;land;FALSE;forest;1
1176;191;81;243;land;FALSE;plains;1
1177;240;167;233;land;FALSE;forest;1
1178;235;254;159;land;FALSE;plains;1
1179;224;219;201;land;FALSE;plains;1
1180;231;124;146;land;FALSE;plains;1
1181;121;208;227;land;TRUE;forest;1
1182;192;190;143;land;FALSE;plains;1
1183;67;246;205;land;FALSE;forest;1
1184;101;238;208;land;FALSE;plains;1
1185;227;245;50;land;FALSE;plains;1
1186;55;228;236;land;FALSE;plains;1
1187;222;163;138;land;FALSE;plains;1
1188;233;131;211;land;FALSE;plains;1
1189;223;235;108;land;FALSE;plains;1
1190;115;244;170;land;FALSE;forest;1
1191;254;169;191;land;TRUE;plains;1
1192;209;238;222;land;FALSE;plains;1
1193;249;214;222;land;FALSE;forest;1
1194;201;197;229;land;FALSE;plains;1
1195;66;213;234;land;FALSE;plains;1
1196;236;228;88;land;FALSE;plains;1
1197;192;199;110;land;FALSE;plains;1
1198;121;182;251;land;FALSE;plains;1
1199;183;173;220;land;FALSE;hills;1
1200;252;32;241;land;FALSE;forest;1
1201;231;173;251;land;FALSE;plains;1
1202;175;227;143;land;FALSE;forest;1
1203;172;237;171;land;FALSE;forest;1
1204;126;151;227;land;FALSE;plains;1
1205;168;152;201;land;FALSE;forest;1
1206;247;232;165;land;FALSE;plains;1
1207;236;155;152;land;FALSE;plains;1
1208;242;72;199;land;FALSE;plains;1
1209;230;181;157;land;FALSE;plains;1
1210;96;229;240;land;FALSE;plains;1
1211;140;231;167;land;FALSE;plains;1
1212;203;125;231;land;FALSE;forest;1
1213;157;159;248;land;FALSE;plains;1
1214;225;246;62;land;TRUE;plains;1
1215;158;132;229;land;FALSE;plains;1
1216;173;143;196;land;FALSE;plains;1
1217;161;180;188;land;FALSE;plains;1
1218;223;238;84;land;FALSE;plains;1
1219;146;251;248;land;FALSE;marsh;1
1220;212;162;200;land;FALSE;forest;1
1221;194;169;185;land;FALSE;forest;1
1222;250;227;60;land;FALSE;plains;1
1223;204;238;242;land;FALSE;forest;1
1224;253;219;125;land;FALSE;plains;1
1225;232;192;145;land;TRUE;forest;1
1226;95;224;201;land;FALSE;plains;1
1227;191;106;211;land;TRUE;plains;1
1228;231;20;254;land;FALSE;plains;1
1229;251;213;130;land;FALSE;plains;1
1230;128;213;200;land;FALSE;plains;1
1231;245;154;191;land;FALSE;plains;1
1232;233;254;65;land;FALSE;plains;1
1233;196;203;139;land;FALSE;forest;1
1234;147;208;247;land;FALSE;forest;1
1235;231;214;105;land;FALSE;forest;1
1236;242;187;146;land;FALSE;hills;1
1237;169;215;229;land;FALSE;plains;1
1238;221;252;242;land;FALSE;forest;1
1239;105;147;250;land;FALSE;plains;1
1240;250;136;210;land;FALSE;plains;1
1241;121;145;249;land;FALSE;plains;1
1242;201;195;115;land;FALSE;plains;1
1243;249;229;119;land;FALSE;plains;1
1244;241;181;89;land;FALSE;plains;1
1245;253;211;37;land;TRUE;plains;1
1246;252;151;119;land;FALSE;plains;1
1247;214;213;139;land;FALSE;plains;1
1248;197;163;176;land;FALSE;plains;1
1249;205;89;249;land;FALSE;plains;1
1250;186;243;229;land;FALSE;plains;1
1251;135;144;249;land;FALSE;plains;1
1252;224;233;225;land;FALSE;forest;1
1253;254;88;160;land;FALSE;plains;1
1254;203;151;240;land;FALSE;forest;1
1255;227;244;98;land;FALSE;forest;1
1256;226;156;203;land;FALSE;plains;1
1257;161;189;194;land;FALSE;plains;1
1258;246;254;81;land;FALSE;plains;1
1259;162;195;205;land;FALSE;plains;1
1260;163;183;192;land;FALSE;plains;1
1261;80;205;225;land;FALSE;forest;1
1262;47;223;245;land;FALSE;plains;1
1263;167;222;123;land;FALSE;plains;1
1264;182;191;134;land;TRUE;forest;1
1265;200;237;135;land;FALSE;forest;1
1266;241;237;63;land;FALSE;plains;1
1267;247;217;153;land;FALSE;forest;1
1268;225;239;171;land;FALSE;forest;1
1269;47;228;226;land;FALSE;plains;1
1270;201;224;81;land;FALSE;forest;1
1271;214;240;209;land;FALSE;plains;1
1272;206;138;234;land;FALSE;forest;1
1273;248;214;105;land;FALSE;plains;1
1274;246;254;105;land;TRUE;plains;1
1275;208;242;66;land;TRUE;forest;1
1276;243;195;90;land;FALSE;plains;1
1277;205;215;179;land;FALSE;plains;1
1278;182;197;196;land;FALSE;plains;1
1279;230;102;224;land;FALSE;plains;1
1280;123;156;226;land;FALSE;plains;1
1281;180;243;82;land;FALSE;forest;1
1282;231;175;133;land;FALSE;urban;1
1283;125;161;225;land;FALSE;forest;1
1284;152;182;232;land;FALSE;plains;1
1285;168;161;230;land;FALSE;plains;1
1286;86;202;222;land;FALSE;plains;1
1287;189;139;215;land;FALSE;plains;1
1288;91;239;188;land;FALSE;plains;1
1289;169;193;173;land;FALSE;plains;1
1290;145;241;156;land;FALSE;plains;1
1291;205;166;189;land;FALSE;plains;1
1292;251;216;244;land;TRUE;plains;1
1293;204;236;78;land;FALSE;plains;1
1294;237;169;210;land;FALSE;plains;1
1295;244;216;135;land;FALSE;forest;1
1296;136;247;134;land;FALSE;forest;1
1297;251;245;98;land;FALSE;forest;1
1298;137;232;141;land;TRUE;plains;1
1299;194;101;235;land;FALSE;plains;1
1300;97;196;242;land;TRUE;plains;1
1301;66;252;194;land;FALSE;plains;1
1302;239;189;142;land;FALSE;forest;1
1303;152;160;240;land;FALSE;forest;1
1304;249;241;39;land;FALSE;plains;1
1305;249;129;177;land;TRUE;plains;1
1306;210;56;250;land;FALSE;plains;1
1307;148;237;254;land;FALSE;plains;1
1308;222;128;156;land;FALSE;forest;1
1309;212;193;214;land;FALSE;forest;1
1310;230;230;250;land;TRUE;plains;1
1311;210;233;77;land;TRUE;plains;1
1312;112;182;248;land;FALSE;plains;1
1313;200;84;220;land;FALSE;plains;1
1314;245;251;63;land;FALSE;plains;1
1315;241;218;124;land;FALSE;plains;1
1316;169;236;144;land;FALSE;marsh;1
1317;187;121;207;land;TRUE;plains;1
1318;166;206;226;land;FALSE;hills;1
1319;230;213;114;land;FALSE;plains;1
1320;206;246;173;land;FALSE;plains;1
1321;67;251;220;land;FALSE;forest;1
1322;98;237;251;land;TRUE;forest;1
1323;56;241;223;land;TRUE;plains;1
1324;230;221;213;land;FALSE;plains;1
1325;186;232;151;land;FALSE;plains;1
1326;221;110;214;land;FALSE;plains;1
1327;215;191;151;land;FALSE;plains;1
1328;239;223;196;land;FALSE;plains;1
1329;166;194;167;land;FALSE;plains;1
1330;237;139;240;land;FALSE;plains;1
1331;143;206;238;land;FALSE;plains;1
1332;57;249;213;land;FALSE;plains;1
1333;199;219;168;land;TRUE;plains;1
1334;188;210;144;land;FALSE;plains;1
1335;191;191;144;land;FALSE;plains;1
1336;218;146;244;land;FALSE;plains;1
1337;112;182;241;land;FALSE;plains;1
1338;224;128;251;land;FALSE;plains;1
1339;236;244;137;land;FALSE;plains;1
1340;224;73;218;land;FALSE;forest;1
1341;244;137;145;land;FALSE;plains;1
1342;225;230;109;land;FALSE;forest;1
1343;201;160;252;land;FALSE;forest;1
1344;167;146;235;land;FALSE;forest;1
1345;235;18;254;land;FALSE;plains;1
1346;220;180;160;land;FALSE;plains;1
1347;242;64;223;land;TRUE;forest;1
1348;195;226;219;land;FALSE;plains;1
1349;65;195;241;land;FALSE;urban;1
1350;239;159;214;land;FALSE;forest;1
1351;254;172;98;land;FALSE;forest;1
1352;239;88;245;land;FALSE;forest;1
1353;220;223;202;land;FALSE;plains;1
1354;177;140;250;land;FALSE;forest;1
1355;206;136;186;land;FALSE;forest;1
1356;160;212;183;land;FALSE;forest;1
1357;137;226;171;land;FALSE;plains;1
1358;214;239;89;land;FALSE;forest;1
1359;241;224;45;land;FALSE;forest;1
1360;202;59;243;land;FALSE;forest;1
1361;232;236;251;land;FALSE;plains;1
1362;230;228;105;land;FALSE;plains;1
1363;155;237;210;land;FALSE;forest;1
1364;218;225;145;land;FALSE;plains;1
1365;219;225;87;land;FALSE;plains;1
1366;241;99;175;land;TRUE;forest;1
1367;232;109;176;land;FALSE;plains;1
1368;217;170;241;land;FALSE;hills;1
1369;241;50;212;land;FALSE;plains;1
1370;226;243;129;land;FALSE;plains;1
1371;222;144;206;land;FALSE;plains;1
1372;123;184;236;land;FALSE;forest;1
1373;209;224;210;land;FALSE;plains;1
1374;126;197;216;land;FALSE;plains;1
1375;159;222;188;land;FALSE;forest;1
1376;245;160;166;land;FALSE;forest;1
1377;242;45;226;land;FALSE;plains;1
1378;209;218;235;land;FALSE;forest;1
1379;236;247;30;land;FALSE;plains;1
1380;142;194;167;land;FALSE;plains;1
1381;141;244;214;land;FALSE;forest;1
1382;72;231;231;land;FALSE;plains;1
1383;248;186;172;land;FALSE;plains;1
1384;225;222;133;land;TRUE;plains;1
1385;252;10;243;land;FALSE;plains;1
1386;133;184;248;land;FALSE;plains;1
1387;156;126;219;land;FALSE;plains;1
1388;180;188;229;land;FALSE;plains;1
1389;200;244;76;land;FALSE;forest;1
1390;232;114;172;land;FALSE;plains;1
1391;253;175;117;land;FALSE;forest;1
1392;170;191;199;land;FALSE;plains;1
1393;164;83;254;land;FALSE;plains;1
1394;254;122;171;land;FALSE;forest;1
1395;247;225;190;land;FALSE;plains;1
1396;163;159;250;land;TRUE;plains;1
1397;62;249;248;land;TRUE;plains;1
1398;157;245;199;land;FALSE;plains;1
1399;138;216;249;land;FALSE;forest;1
1400;232;209;93;land;FALSE;plains;1
1401;237;157;201;land;FALSE;marsh;1
1402;228;230;143;land;FALSE;forest;1
1403;55;212;245;land;TRUE;plains;1
1404;212;186;217;land;FALSE;plains;1
1405;232;230;116;land;FALSE;plains;1
1406;170;156;253;land;FALSE;forest;1
1407;138;157;225;land;FALSE;plains;1
1408;173;239;125;land;FALSE;plains;1
1409;185;120;236;land;TRUE;plains;1
1410;139;222;151;land;FALSE;forest;1
1411;205;234;231;land;FALSE;forest;1
1412;252;238;73;land;FALSE;plains;1
1413;212;193;114;land;FALSE;plains;1
1414;119;175;247;land;FALSE;hills;1
1415;250;202;190;land;FALSE;forest;1
1416;199;214;149;land;FALSE;plains;1
1417;163;211;170;land;FALSE;plains;1
1418;102;187;236;land;FALSE;forest;1
1419;212;206;105;land;FALSE;forest;1
1420;184;254;69;land;FALSE;plains;1
1421;105;220;224;land;FALSE;plains;1
1422;133;159;220;land;FALSE;plains;1
1423;234;101;212;land;FALSE;plains;1
1424;101;246;250;land;FALSE;forest;1
1425;110;199;210;land;FALSE;plains;1
1426;198;122;218;land;FALSE;plains;1
1427;240;136;206;land;FALSE;plains;1
1428;49;241;238;land;FALSE;plains;1
1429;248;204;115;land;FALSE;plains;1
1430;131;252;168;land;FALSE;forest;1
1431;254;148;143;land;FALSE;plains;1
1432;66;244;229;land;FALSE;forest;1
1433;194;235;239;land;TRUE;plains;1
1434;121;223;230;land;FALSE;forest;1
1435;196;230;132;land;FALSE;urban;1
1436;159;229;232;land;FALSE;forest;1
1437;223;154;141;land;FALSE;plains;1
1438;133;152;224;land;FALSE;plains;1
1439;192;243;200;land;TRUE;plains;1
1440;98;223;182;land;FALSE;forest;1
1441;164;248;245;land;TRUE;marsh;1
1442;214;212;88;land;FALSE;plains;1
1443;192;195;193;land;FALSE;plains;1
1444;102;217;190;land;FALSE;forest;1
1445;194;237;147;land;FALSE;forest;1
1446;226;116;205;land;TRUE;forest;1
1447;166;215;172;land;FALSE;plains;1
1448;249;237;112;land;FALSE;plains;1
1449;230;231;87;land;FALSE;plains;1
1450;146;222;150;land;FALSE;plains;1
1451;224;92;193;land;FALSE;plains;1
1452;245;176;163;land;FALSE;forest;1
1453;141;221;155;land;FALSE;plains;1
1454;184;161;198;land;FALSE;plains;1
1455;245;215;105;land;FALSE;plains;1
1456;206;211;129;land;FALSE;forest;1
1457;210;215;144;land;FALSE;plains;1
1458;222;203;151;land;FALSE;plains;1
1459;143;254;248;land;FALSE;plains;1
1460;179;172;173;land;FALSE;plains;1
1461;240;67;226;land;FALSE;forest;1
1462;213;180;131;land;FALSE;forest;1
1463;115;175;214;land;TRUE;plains;1
1464;216;216;94;land;FALSE;urban;1
1465;180;222;160;land;FALSE;forest;1
1466;190;168;211;land;FALSE;plains;1
1467;183;228;136;land;FALSE;plains;1
1468;245;195;124;land;FALSE;plains;1
1469;187;123;233;land;TRUE;plains;1
1470;214;72;235;land;FALSE;plains;1
1471;251;159;203;land;FALSE;forest;1
1472;114;216;209;land;FALSE;forest;1
1473;138;177;219;land;TRUE;plains;1
1474;234;183;134;land;TRUE;plains;1
1475;172;194;143;land;FALSE;forest;1
1476;91;206;242;land;FALSE;forest;1
1477;150;234;189;land;FALSE;plains;1
1478;200;164;249;land;FALSE;forest;1
1479;209;240;181;land;TRUE;plains;1
1480;218;180;147;land;FALSE;plains;1
1481;252;193;190;land;FALSE;plains;1
1482;128;132;249;land;FALSE;hills;1
1483;224;196;171;land;FALSE;plains;1
1484;195;195;251;land;TRUE;forest;1
1485;237;228;51;land;FALSE;forest;1
1486;183;205;217;land;FALSE;plains;1
1487;244;171;188;land;FALSE;plains;1
1488;233;163;236;land;FALSE;plains;1
1489;211;212;200;land;FALSE;forest;1
1490;122;195;187;land;FALSE;plains;1
1491;130;216;164;land;FALSE;plains;1
1492;252;126;226;land;FALSE;plains;1
1493;185;221;143;land;FALSE;plains;1
1494;251;186;247;land;TRUE;plains;1
1495;109;194;218;land;TRUE;forest;1
1496;213;193;227;land;FALSE;forest;1
1497;251;247;28;land;FALSE;forest;1
1498;208;238;141;land;FALSE;forest;1
1499;238;206;90;land;TRUE;plains;1
1500;226;210;132;land;FALSE;forest;1
1501;241;160;101;land;FALSE;plains;1
1502;89;234;218;land;FALSE;plains;1
1503;253;159;214;land;FALSE;plains;1
1504;93;228;204;land;FALSE;plains;1
1505;188;157;217;land;FALSE;plains;1
1506;205;230;163;land;TRUE;plains;1
1507;254;21;236;land;FALSE;plains;1
1508;170;131;248;land;FALSE;plains;1
1509;184;251;126;land;FALSE;forest;1
1510;240;178;224;land;FALSE;plains;1
1511;127;237;143;land;FALSE;plains;1
1512;245;224;175;land;FALSE;forest;1
1513;207;180;164;land;FALSE;forest;1
1514;106;232;187;land;FALSE;plains;1
1515;105;242;162;land;FALSE;plains;1
1516;230;186;93;land;TRUE;forest;1
1517;187;216;146;land;FALSE;plains;1
1518;219;193;92;land;FALSE;plains;1
1519;94;206;244;land;FALSE;hills;1
1520;164;239;168;land;FALSE;plains;1
1521;160;225;252;land;FALSE;forest;1
1522;164;245;251;land;FALSE;plains;1
1523;138;246;220;land;FALSE;plains;1
1524;158;226;209;land;FALSE;plains;1
1525;193;253;110;land;FALSE;forest;1
1526;217;95;254;land;FALSE;forest;1
1527;193;202;206;land;FALSE;plains;1
1528;174;215;139;land;FALSE;plains;1
1529;241;184;116;land;FALSE;plains;1
1530;203;94;229;land;FALSE;forest;1
1531;241;147;142;land;FALSE;forest;1
1532;205;252;75;land;FALSE;forest;1
1533;244;138;145;land;FALSE;forest;1
1534;234;136;148;land;FALSE;plains;1
1535;230;251;33;land;FALSE;plains;1
1536;190;210;143;land;FALSE;plains;1
1537;246;191;237;land;TRUE;plains;1
1538;186;91;248;land;FALSE;forest;1
1539;239;218;170;land;FALSE;plains;1
1540;215;107;215;land;FALSE;plains;1
1541;187;186;170;land;FALSE;plains;1
1542;76;250;247;land;FALSE;plains;1
1543;232;162;212;land;FALSE;plains;1
1544;230;213;213;land;TRUE;forest;1
1545;141;186;195;land;FALSE;forest;1
1546;217;248;87;land;FALSE;plains;1
1547;234;175;216;land;FALSE;forest;1
1548;192;239;110;land;TRUE;plains;1
1549;254;138;206;land;FALSE;forest;1
1550;187;247;162;land;FALSE;forest;1
1551;252;168;104;land;FALSE;plains;1
1552;229;194;163;land;TRUE;plains;1
1553;147;166;201;land;FALSE;plains;1
1554;246;196;164;land;FALSE;plains;1
1555;234;164;176;land;FALSE;plains;1
1556;216;238;228;land;FALSE;plains;1
1557;233;98;210;land;FALSE;plains;1
1558;205;194;221;land;FALSE;plains;1
1559;148;168;225;land;FALSE;plains;1
1560;180;206;211;land;FALSE;plains;1
1561;216;105;188;land;FALSE;plains;1
1562;208;128;191;land;FALSE;forest;1
1563;254;134;188;land;FALSE;plains;1
1564;225;192;120;land;FALSE;forest;1
1565;141;152;248;land;FALSE;forest;1
1566;135;172;201;land;FALSE;forest;1
1567;165;162;195;land;FALSE;plains;1
1568;179;199;237;land;FALSE;plains;1
1569;242;174;171;land;FALSE;plains;1
1570;112;240;191;land;FALSE;marsh;1
1571;231;249;82;land;FALSE;plains;1
1572;236;240;232;land;FALSE;plains;1
1573;63;237;201;land;FALSE;plains;1
1574;246;237;164;land;TRUE;plains;1
1575;147;209;170;land;TRUE;plains;1
1576;54;214;241;land;FALSE;forest;1
1577;181;135;191;land;FALSE;forest;1
1578;212;158;242;land;FALSE;forest;1
1579;99;191;227;land;FALSE;forest;1
1580;209;100;253;land;FALSE;plains;1
1581;149;213;167;land;FALSE;plains;1
1582;60;252;191;land;FALSE;plains;1
1583;172;198;245;land;FALSE;plains;1
1584;197;154;242;land;FALSE;plains;1
1585;114;199;225;land;FALSE;plains;1
1586;70;232;254;land;FALSE;forest;1
1587;189;241;191;land;FALSE;plains;1
1588;175;149;180;land;FALSE;forest;1
1589;177;227;183;land;FALSE;forest;1
1590;189;119;241;land;FALSE;plains;1
1591;194;170;142;land;FALSE;forest;1
1592;245;194;246;land;FALSE;plains;1
1593;131;171;251;land;FALSE;plains;1
1594;249;220;229;land;FALSE;plains;1
1595;192;228;175;land;FALSE;plains;1
1596;253;243;71;land;TRUE;plains;1
1597;95;239;181;land;FALSE;forest;1
1598;245;136;235;land;FALSE;plains;1
1599;219;243;227;land;FALSE;plains;1
1600;240;33;246;land;FALSE;forest;1
1601;204;181;243;land;FALSE;plains;1
1602;252;107;187;land;FALSE;plains;1
1603;249;59;244;land;FALSE;plains;1
1604;208;234;128;land;TRUE;urban;1
1605;224;182;220;land;FALSE;forest;1
1606;221;203;157;land;FALSE;forest;1
1607;195;220;216;land;FALSE;plains;1
1608;167;144;217;land;FALSE;urban;1
1609;164;218;249;land;FALSE;plains;1
1610;243;187;119;land;FALSE;forest;1
1611;234;193;78;land;FALSE;plains;1
1612;172;148;218;land;TRUE;plains;1
1613;31;245;254;land;FALSE;forest;1
1614;194;227;218;land;FALSE;plains;1
1615;247;108;178;land;FALSE;forest;1
1616;253;208;146;land;FALSE;plains;1
1617;79;188;246;land;FALSE;plains;1
1618;210;179;237;land;FALSE;plains;1
1619;91;185;236;land;FALSE;forest;1
1620;146;123;232;land;FALSE;plains;1
1621;195;246;129;land;FALSE;plains;1
1622;150;251;119;land;FALSE;plains;1
1623;253;95;194;land;FALSE;forest;1
1624;204;230;126;land;FALSE;plains;1
1625;143;229;132;land;FALSE;urban;1
1626;171;249;206;land;TRUE;plains;1
1627;243;36;235;land;FALSE;forest;1
1628;234;186;178;land;FALSE;plains;1
1629;232;181;242;land;FALSE;forest;1
1630;228;55;241;land;TRUE;plains;1
1631;233;147;239;land;FALSE;plains;1
1632;171;116;233;land;FALSE;plains;1
1633;152;244;236;land;FALSE;plains;1
1634;208;211;144;land;FALSE;plains;1
1635;230;233;74;land;FALSE;plains;1
1636;171;188;247;land;FALSE;forest;1
1637;238;48;222;land;FALSE;forest;1
1638;92;251;251;land;TRUE;forest;1
1639;254;138;229;land;FALSE;plains;1
1640;232;238;68;land;FALSE;forest;1
1641;154;222;207;land;FALSE;plains;1
1642;215;201;156;land;TRUE;plains;1
1643;165;199;200;land;FALSE;forest;1
1644;112;209;239;land;FALSE;plains;1
1645;109;226;254;land;FALSE;plains;1
1646;153;175;244;land;FALSE;forest;1
1647;239;90;191;land;FALSE;forest;1
1648;211;216;165;land;FALSE;forest;1
1649;213;249;142;land;FALSE;plains;1
1650;129;247;183;land;FALSE;forest;1
1651;160;210;145;land;FALSE;forest;1
1652;142;151;245;land;FALSE;plains;1
1653;100;196;208;land;FALSE;forest;1
1654;122;234;162;land;FALSE;plains;1
1655;210;180;174;land;FALSE;forest;1
1656;230;157;121;land;FALSE;forest;1
1657;252;185;127;land;FALSE;plains;1
1658;143;205;167;land;FALSE;forest;1
1659;207;239;169;land;FALSE;forest;1
1660;184;239;212;land;TRUE;plains;1
1661;250;166;209;land;FALSE;plains;1
1662;155;175;185;land;FALSE;plains;1
1663;235;142;158;land;FALSE;plains;1
1664;120;252;163;land;FALSE;plains;1
1665;235;208;87;land;FALSE;forest;1
1666;238;203;116;land;FALSE;plains;1
1667;188;193;170;land;FALSE;plains;1
1668;187;232;118;land;FALSE;plains;1
1669;246;246;249;land;FALSE;forest;1
1670;120;151;248;land;TRUE;plains;1
1671;98;246;253;land;FALSE;plains;1
1672;213;230;162;land;FALSE;forest;1
1673;201;196;138;land;TRUE;plains;1
1674;245;100;218;land;FALSE;plains;1
1675;124;224;216;land;FALSE;plains;1
1676;171;113;233;land;FALSE;plains;1
1677;150;102;253;land;TRUE;urban;1
1678;204;167;226;land;FALSE;forest;1
1679;237;236;214;land;FALSE;plains;1
1680;164;218;132;land;FALSE;plains;1
1681;217;254;215;land;FALSE;forest;1
1682;212;175;217;land;FALSE;plains;1
1683;250;141;141;land;FALSE;plains;1
1684;198;209;160;land;FALSE;urban;1
1685;187;213;230;land;FALSE;plains;1
1686;115;229;198;land;FALSE;forest;1
1687;119;235;250;land;FALSE;forest;1
1688;241;213;177;land;FALSE;plains;1
1689;195;160;218;land;FALSE;plains;1
1690;221;67;239;land;FALSE;plains;1
1691;186;247;200;land;FALSE;plains;1
1692;171;253;177;land;FALSE;forest;1
1693;83;254;214;land;TRUE;plains;1
1694;254;170;183;land;TRUE;plains;1
1695;157;212;200;land;FALSE;forest;1
1696;139;236;185;land;FALSE;plains;1
1697;209;202;209;land;FALSE;forest;1
1698;43;222;244;land;FALSE;forest;1
1699;247;122;248;land;FALSE;forest;1
1700;232;78;252;land;FALSE;plains;1
1701;228;171;236;land;FALSE;plains;1
1702;202;223;117;land;FALSE;forest;1
1703;241;56;242;land;FALSE;forest;1
1704;253;242;99;land;FALSE;plains;1
1705;248;171;145;land;FALSE;plains;1
1706;211;197;206;land;TRUE;plains;1
1707;237;69;210;land;TRUE;plains;1
1708;197;244;113;land;FALSE;forest;1
1709;212;237;60;land;FALSE;plains;1
1710;202;254;120;land;FALSE;forest;1
1711;96;182;246;land;FALSE;plains;1
1712;248;247;66;land;FALSE;plains;1
1713;242;169;174;land;FALSE;forest;1
1714;215;192;130;land;FALSE;forest;1
1715;219;241;112;land;FALSE;plains;1
1716;113;175;243;land;FALSE;plains;1
1717;221;228;238;land;TRUE;plains;1
1718;167;190;244;land;FALSE;plains;1
1719;187;150;211;land;FALSE;forest;1
1720;149;194;186;land;FALSE;plains;1
1721;228;60;235;land;FALSE;plains;1
1722;189;151;250;land;FALSE;plains;1
1723;162;185;195;land;FALSE;plains;1
1724;224;171;201;land;FALSE;plains;1
1725;242;130;191;land;FALSE;forest;1
1726;210;253;249;land;TRUE;plains;1
1727;238;213;188;land;FALSE;plains;1
1728;163;213;146;land;FALSE;forest;1
1729;187;238;191;land;FALSE;plains;1
1730;149;203;187;land;TRUE;plains;1
1731;21;253;229;land;TRUE;plains;1
1732;215;230;154;land;FALSE;plains;1
1733;177;221;131;land;FALSE;forest;1
1734;224;70;235;land;FALSE;plains;1
1735;235;147;130;land;FALSE;forest;1
1736;150;248;165;land;FALSE;plains;1
1737;86;228;224;land;TRUE;urban;1
1738;207;202;130;land;FALSE;forest;1
1739;233;40;240;land;TRUE;plains;1
1740;165;144;207;land;FALSE;forest;1
1741;158;218;164;land;FALSE;plains;1
1742;198;196;188;land;FALSE;plains;1
1743;220;160;187;land;FALSE;plains;1
1744;230;249;58;land;FALSE;plains;1
1745;215;127;224;land;FALSE;plains;1
1746;118;212;200;land;FALSE;plains;1
1747;248;126;146;land;FALSE;plains;1
1748;210;174;209;land;FALSE;forest;1
1749;120;202;224;land;FALSE;plains;1
1750;202;217;243;land;TRUE;plains;1
1751;159;175;205;land;FALSE;forest;1
1752;253;196;253;land;FALSE;forest;1
1753;175;188;151;land;FALSE;plains;1
1754;236;121;203;land;FALSE;plains;1
1755;238;147;197;land;FALSE;plains;1
1756;232;163;152;land;FALSE;forest;1
1757;228;223;156;land;FALSE;plains;1
1758;244;50;220;land;FALSE;plains;1
1759;239;248;113;land;FALSE;plains;1
1760;247;175;242;land;FALSE;plains;1
1761;105;241;220;land;TRUE;plains;1
1762;250;70;220;land;TRUE;urban;1
1763;229;125;211;land;FALSE;plains;1
1764;191;211;162;land;FALSE;plains;1
1765;52;248;245;land;FALSE;forest;1
1766;201;208;241;land;FALSE;plains;1
1767;192;243;237;land;FALSE;plains;1
1768;126;251;203;land;FALSE;plains;1
1769;191;148;183;land;FALSE;plains;1
1770;184;214;136;land;FALSE;plains;1
1771;88;250;169;land;FALSE;plains;1
1772;211;219;148;land;FALSE;forest;1
1773;111;248;157;land;FALSE;forest;1
1774;243;200;112;land;FALSE;plains;1
1775;225;164;117;land;FALSE;plains;1
1776;208;167;180;land;FALSE;marsh;1
1777;193;130;240;land;FALSE;plains;1
1778;249;103;152;land;FALSE;plains;1
1779;251;244;195;land;TRUE;plains;1
1780;141;147;227;land;FALSE;forest;1
1781;202;226;204;land;FALSE;plains;1
1782;209;248;88;land;FALSE;plains;1
1783;221;181;138;land;FALSE;forest;1
1784;221;123;177;land;TRUE;plains;1
1785;235;181;209;land;FALSE;plains;1
1786;228;189;129;land;FALSE;plains;1
1787;140;170;203;land;FALSE;plains;1
1788;222;133;168;land;FALSE;plains;1
1789;117;200;197;land;FALSE;forest;1
1790;195;234;95;land;TRUE;plains;1
1791;152;148;253;land;TRUE;plains;1
1792;209;209;192;land;FALSE;plains;1
1793;171;232;149;land;FALSE;forest;1
1794;236;212;244;land;FALSE;plains;1
1795;58;204;251;land;FALSE;plains;1
1796;230;181;210;land;TRUE;plains;1
1797;228;205;228;land;TRUE;plains;1
1798;161;251;212;land;FALSE;forest;1
1799;241;190;137;land;FALSE;plains;1
1800;187;248;185;land;FALSE;forest;1
1801;124;198;242;land;FALSE;forest;1
1802;218;80;234;land;FALSE;plains;1
1803;113;245;175;land;TRUE;plains;1
1804;134;220;206;land;FALSE;plains;1
1805;216;194;149;land;FALSE;plains;1
1806;232;191;231;land;FALSE;plains;1
1807;176;187;185;land;FALSE;plains;1
1808;101;244;162;land;FALSE;plains;1
1809;18;244;241;land;FALSE;forest;1
1810;52;203;249;land;FALSE;forest;1
1811;109;249;248;land;FALSE;plains;1
1812;249;64;214;land;FALSE;plains;1
1813;241;73;212;land;FALSE;forest;1
1814;178;225;221;land;FALSE;plains;1
1815;200;202;122;land;FALSE;plains;1
1816;122;164;224;land;FALSE;plains;1
1817;134;252;224;land;FALSE;plains;1
1818;116;213;204;land;FALSE;plains;1
1819;154;248;109;land;TRUE;urban;1
1820;171;217;118;land;FALSE;plains;1
1821;136;251;184;land;FALSE;plains;1
1822;191;162;217;land;FALSE;plains;1
1823;230;165;165;land;TRUE;forest;1
1824;196;207;175;land;FALSE;plains;1
1825;217;89;215;land;FALSE;plains;1
1826;225;177;153;land;FALSE;plains;1
1827;124;253;238;land;TRUE;plains;1
1828;250;70;229;land;FALSE;forest;1
1829;248;177;194;land;FALSE;plains;1
1830;176;103;227;land;FALSE;plains;1
1831;179;235;99;land;FALSE;forest;1
1832;252;98;237;land;FALSE;forest;1
1833;213;254;74;land;FALSE;plains;1
1834;34;224;243;land;FALSE;plains;1
1835;129;237;135;land;TRUE;forest;1
1836;213;213;190;land;TRUE;plains;1
1837;149;120;236;land;FALSE;plains;1
1838;241;210;116;land;FALSE;plains;1
1839;59;244;204;land;FALSE;plains;1
1840;252;102;198;land;FALSE;forest;1
1841;250;193;180;land;FALSE;plains;1
1842;167;161;236;land;FALSE;plains;1
1843;196;237;76;land;FALSE;plains;1
1844;81;202;233;land;TRUE;plains;1
1845;250;244;161;land;FALSE;plains;1
1846;250;192;191;land;FALSE;forest;1
1847;135;195;228;land;FALSE;plains;1
1848;113;215;250;land;FALSE;plains;1
1849;194;218;135;land;FALSE;plains;1
1850;220;170;141;land;FALSE;plains;1
1851;204;217;123;land;FALSE;plains;1
1852;235;240;193;land;FALSE;plains;1
1853;144;193;196;land;FALSE;plains;1
1854;144;208;199;land;FALSE;plains;1
1855;199;157;252;land;FALSE;plains;1
1856;240;200;145;land;FALSE;plains;1
1857;129;226;206;land;FALSE;plains;1
1858;141;246;248;land;TRUE;plains;1
1859;245;222;122;land;FALSE;plains;1
1860;130;167;219;land;FALSE;plains;1
1861;242;199;110;land;FALSE;plains;1
1862;180;233;143;land;FALSE;forest;1
1863;189;189;192;land;FALSE;forest;1
1864;252;157;198;land;FALSE;plains;1
1865;89;240;200;land;FALSE;plains;1
1866;113;199;209;land;FALSE;plains;1
1867;163;170;191;land;FALSE;plains;1
1868;165;155;218;land;FALSE;plains;1
1869;58;242;246;land;TRUE;forest;1
1870;254;38;218;land;FALSE;plains;1
1871;241;135;149;land;FALSE;plains;1
1872;242;51;213;land;FALSE;forest;1
1873;105;181;217;land;TRUE;plains;1
1874;146;233;192;land;FALSE;forest;1
1875;206;234;115;land;FALSE;forest;1
1876;137;238;150;land;TRUE;plains;1
1877;246;198;132;land;FALSE;plains;1
1878;196;209;225;land;FALSE;plains;1
1879;174;240;171;land;FALSE;plains;1
1880;206;139;174;land;FALSE;plains;1
1881;235;214;69;land;FALSE;forest;1
1882;137;180;195;land;FALSE;forest;1
1883;143;197;210;land;TRUE;forest;1
1884;236;211;58;land;FALSE;plains;1
1885;246;151;208;land;FALSE;plains;1
1886;165;244;134;land;FALSE;forest;1
1887;193;93;254;land;FALSE;forest;1
1888;250;54;252;land;TRUE;plains;1
1889;167;154;226;land;FALSE;plains;1
1890;205;47;249;land;FALSE;plains;1
1891;233;251;119;land;FALSE;forest;1
1892;212;187;235;land;FALSE;plains;1
1893;111;143;248;land;FALSE;forest;1
1894;129;247;185;land;FALSE;forest;1
1895;157;206;234;land;FALSE;forest;1
1896;97;250;216;land;FALSE;forest;1
1897;231;203;174;land;FALSE;forest;1
1898;215;120;235;land;FALSE;plains;1
1899;251;209;123;land;FALSE;plains;1
1900;211;65;230;land;TRUE;plains;1
1901;227;203;200;land;TRUE;plains;1
1902;254;163;134;land;FALSE;plains;1
1903;233;248;55;land;FALSE;forest;1
1904;204;236;85;land;TRUE;plains;1
1905;219;236;211;land;FALSE;plains;1
1906;147;191;246;land;TRUE;plains;1
1907;224;121;183;land;TRUE;plains;1
1908;211;93;207;land;FALSE;plains;1
1909;44;251;246;land;FALSE;plains;1
1910;116;166;249;land;TRUE;plains;1
1911;216;220;114;land;FALSE;urban;1
1912;149;249;188;land;FALSE;plains;1
1913;188;213;147;land;FALSE;plains;1
1914;185;147;206;land;TRUE;plains;1
1915;231;210;230;land;TRUE;plains;1
1916;153;253;212;land;FALSE;plains;1
1917;201;219;200;land;FALSE;plains;1
1918;192;242;123;land;TRUE;plains;1
1919;248;94;237;land;FALSE;forest;1
1920;174;250;109;land;FALSE;plains;1
1921;212;240;53;land;FALSE;forest;1
1922;173;149;180;land;FALSE;plains;1
1923;185;173;208;land;FALSE;forest;1
1924;249;63;213;land;TRUE;marsh;1
1925;83;231;201;land;FALSE;plains;1
1926;253;169;168;land;FALSE;plains;1
1927;189;202;192;land;FALSE;plains;1
1928;232;109;167;land;FALSE;plains;1
1929;72;208;237;land;FALSE;forest;1
1930;201;204;147;land;FALSE;plains;1
1931;246;152;234;land;FALSE;plains;1
1932;200;98;211;land;FALSE;plains;1
1933;169;156;205;land;TRUE;plains;1
1934;193;234;204;land;FALSE;plains;1
1935;153;225;173;land;FALSE;forest;1
1936;189;235;93;land;TRUE;plains;1
1937;173;216;138;land;FALSE;forest;1
1938;241;77;246;land;FALSE;forest;1
1939;191;84;253;land;FALSE;plains;1
1940;252;87;221;land;FALSE;plains;1
1941;229;217;60;land;FALSE;plains;1
1942;227;218;233;land;FALSE;plains;1
1943;139;219;227;land;FALSE;plains;1
1944;179;225;246;land;FALSE;forest;1
1945;187;231;103;land;TRUE;plains;1
1946;154;145;243;land;FALSE;plains;1
1947;187;221;162;land;TRUE;plains;1
1948;203;200;241;land;TRUE;plains;1
1949;144;239;172;land;FALSE;plains;1
1950;188;145;254;land;FALSE;plains;1
1951;153;243;238;land;FALSE;plains;1
1952;161;216;164;land;FALSE;forest;1
1953;143;218;207;land;FALSE;plains;1
1954;252;219;194;land;FALSE;plains;1
1955;195;191;200;land;FALSE;plains;1
1956;182;162;217;land;FALSE;plains;1
1957;198;193;116;land;FALSE;plains;1
1958;237;209;62;land;FALSE;plains;1
1959;228;195;130;land;FALSE;forest;1
1960;247;210;146;land;FALSE;plains;1
1961;194;249;192;land;FALSE;plains;1
1962;205;219;214;land;FALSE;forest;1
1963;239;143;227;land;FALSE;plains;1
1964;223;200;164;land;FALSE;plains;1
1965;253;43;209;land;FALSE;plains;1
1966;237;133;174;land;FALSE;plains;1
1967;90;180;245;land;FALSE;plains;1
1968;252;233;53;land;FALSE;plains;1
1969;196;78;254;land;FALSE;plains;1
1970;173;203;214;land;FALSE;plains;1
1971;231;210;117;land;FALSE;plains;1
1972;248;213;84;land;TRUE;plains;1
1973;179;228;97;land;FALSE;plains;1
1974;125;219;194;land;FALSE;forest;1
1975;201;106;194;land;FALSE;plains;1
1976;228;151;196;land;FALSE;forest;1
1977;208;202;118;land;TRUE;plains;1
1978;16;241;245;land;FALSE;forest;1
1979;229;219;244;land;FALSE;plains;1
1980;214;242;229;land;FALSE;plains;1
1981;222;177;174;land;TRUE;plains;1
1982;189;161;172;land;FALSE;plains;1
1983;220;225;130;land;FALSE;plains;1
1984;164;164;227;land;FALSE;plains;1
1985;165;251;102;land;FALSE;forest;1
1986;215;219;173;land;FALSE;forest;1
1987;223;193;227;land;FALSE;forest;1
1988;236;230;237;land;FALSE;forest;1
1989;239;113;152;land;FALSE;plains;1
1990;158;204;142;land;FALSE;forest;1
1991;72;253;239;land;FALSE;plains;1
1992;82;207;221;land;FALSE;forest;1
1993;188;182;148;land;FALSE;plains;1
1994;222;205;175;land;FALSE;forest;1
1995;243;194;196;land;FALSE;plains;1
1996;237;186;166;land;FALSE;plains;1
1997;94;229;186;land;FALSE;plains;1
1998;127;243;181;land;FALSE;forest;1
1999;177;176;225;land;FALSE;plains;1
2000;248;81;225;land;FALSE;plains;1
2001;171;160;170;land;FALSE;plains;1
2002;238;228;242;land;FALSE;forest;1
2003;123;144;243;land;FALSE;plains;1
2004;170;210;193;land;TRUE;plains;1
2005;240;217;253;land;FALSE;forest;1
2006;235;203;195;land;FALSE;forest;1
2007;170;198;194;land;FALSE;forest;1
2008;156;154;238;land;FALSE;plains;1
2009;234;87;205;land;FALSE;forest;1
2010;186;181;243;land;FALSE;plains;1
2011;210;96;214;land;FALSE;plains;1
2012;102;235;195;land;FALSE;plains;1
2013;238;113;238;land;FALSE;plains;1
2014;214;195;161;land;FALSE;forest;1
2015;166;241;156;land;TRUE;plains;1
2016;226;117;170;land;FALSE;plains;1
2017;177;181;187;land;FALSE;plains;1
2018;155;229;142;land;TRUE;plains;1
2019;187;179;241;land;FALSE;plains;1
2020;191;227;226;land;FALSE;plains;1
2021;242;223;82;land;TRUE;plains;1
2022;246;235;233;land;FALSE;plains;1
2023;251;71;228;land;FALSE;forest;1
2024;160;139;208;land;FALSE;plains;1
2025;193;154;226;land;FALSE;plains;1
2026;181;228;161;land;FALSE;forest;1
2027;234;154;222;land;TRUE;plains;1
2028;226;245;133;land;FALSE;plains;1
2029;226;207;191;land;FALSE;plains;1
2030;201;224;140;land;FALSE;forest;1
2031;236;88;254;land;FALSE;plains;1
2032;233;228;175;land;FALSE;plains;1
2033;234;103;186;land;FALSE;plains;1
2034;204;131;185;land;FALSE;forest;1
2035;250;233;131;land;FALSE;plains;1
2036;238;240;23;land;FALSE;plains;1
2037;242;242;170;land;FALSE;plains;1
2038;129;226;217;land;FALSE;plains;1
2039;237;169;220;land;FALSE;forest;1
2040;228;216;63;land;FALSE;forest;1
2041;253;150;249;land;FALSE;plains;1
2042;243;216;145;land;FALSE;plains;1
2043;39;223;253;land;FALSE;plains;1
2044;210;156;155;land;TRUE;plains;1
2045;230;240;208;land;TRUE;forest;1
2046;137;228;226;land;FALSE;forest;1
2047;161;169;223;land;FALSE;plains;1
2048;191;84;233;land;FALSE;plains;1
2049;233;46;231;land;FALSE;forest;1
2050;198;207;197;land;FALSE;plains;1
2051;253;239;221;land;FALSE;forest;1
2052;168;182;161;land;FALSE;plains;1
2053;200;156;161;land;FALSE;plains;1
2054;245;238;107;land;FALSE;plains;1
2055;188;187;170;land;FALSE;plains;1
2056;224;181;181;land;FALSE;plains;1
2057;158;160;228;land;FALSE;plains;1
2058;248;17;243;land;FALSE;forest;1
2059;224;180;98;land;TRUE;plains;1
2060;228;196;214;land;FALSE;forest;1
2061;234;149;251;land;FALSE;forest;1
2062;173;205;187;land;FALSE;plains;1
2063;65;237;224;land;FALSE;plains;1
2064;170;156;221;land;FALSE;plains;1
2065;36;253;216;land;FALSE;plains;1
2066;152;191;210;land;TRUE;plains;1
2067;162;245;220;land;FALSE;forest;1
2068;198;203;131;land;TRUE;plains;1
2069;249;174;156;land;FALSE;plains;1
2070;194;141;212;land;FALSE;forest;1
2071;224;164;160;land;FALSE;forest;1
2072;227;113;198;land;FALSE;plains;1
2073;121;164;254;land;FALSE;plains;1
2074;209;212;125;land;FALSE;plains;1
2075;167;211;214;land;FALSE;plains;1
2076;211;239;233;land;TRUE;marsh;1
2077;122;131;250;land;FALSE;plains;1
2078;253;208;220;land;FALSE;forest;1
2079;209;222;160;land;FALSE;plains;1
2080;186;249;148;land;TRUE;plains;1
2081;228;239;169;land;FALSE;plains;1
2082;210;136;177;land;FALSE;plains;1
2083;213;248;139;land;FALSE;plains;1
2084;39;217;249;land;FALSE;plains;1
2085;64;215;245;land;TRUE;plains;1
2086;216;216;112;land;FALSE;forest;1
2087;167;200;222;land;FALSE;plains;1
2088;224;188;184;land;FALSE;forest;1
2089;238;218;242;land;FALSE;forest;1
2090;242;169;202;land;FALSE;plains;1
2091;214;245;90;land;FALSE;plains;1
2092;243;163;135;land;TRUE;plains;1
2093;172;145;210;land;TRUE;plains;1
2094;190;181;252;land;TRUE;urban;1
2095;165;147;191;land;TRUE;plains;1
2096;242;169;250;land;TRUE;plains;1
2097;253;208;75;land;TRUE;plains;1
2098;248;218;42;land;FALSE;urban;1
2099;126;198;179;land;FALSE;plains;1
2100;184;158;184;land;FALSE;plains;1
2101;230;223;179;land;FALSE;plains;1
2102;248;126;161;land;FALSE;urban;1
2103;252;185;140;land;FALSE;plains;1
2104;186;211;237;land;TRUE;marsh;1
2105;241;141;199;land;TRUE;forest;1
2106;235;241;226;land;FALSE;plains;1
2107;175;192;229;land;FALSE;plains;1
2108;100;231;224;land;TRUE;plains;1
2109;210;136;156;land;FALSE;plains;1
2110;159;104;239;land;FALSE;plains;1
2111;169;122;229;land;TRUE;plains;1
2112;215;66;235;land;FALSE;plains;1
2113;151;192;183;land;TRUE;plains;1
2114;205;109;246;land;FALSE;plains;1
2115;173;201;129;land;FALSE;plains;1
2116;236;39;233;land;FALSE;plains;1
2117;232;157;145;land;FALSE;urban;1
2118;167;211;130;land;TRUE;forest;1
2119;205;108;228;land;FALSE;plains;1
2120;167;146;233;land;FALSE;plains;1
2121;174;217;185;land;FALSE;plains;1
2122;164;165;219;land;TRUE;plains;1
2123;178;158;180;land;TRUE;plains;1
2124;146;248;198;land;FALSE;forest;1
2125;95;250;217;land;FALSE;forest;1
2126;210;218;105;land;FALSE;forest;1
2127;224;253;37;land;FALSE;plains;1
2128;60;247;250;land;FALSE;plains;1
2129;250;231;236;land;TRUE;plains;1
2130;160;220;242;land;FALSE;plains;1
2131;205;233;175;land;FALSE;forest;1
2132;222;103;225;land;FALSE;forest;1
2133;179;244;192;land;FALSE;plains;1
2134;254;250;18;land;FALSE;forest;1
2135;196;143;191;land;FALSE;plains;1
2136;221;219;177;land;FALSE;plains;1
2137;107;219;254;land;FALSE;plains;1
2138;142;232;142;land;FALSE;plains;1
2139;244;187;117;land;FALSE;forest;1
2140;197;244;84;land;FALSE;plains;1
2141;221;194;219;land;FALSE;forest;1
2142;169;241;143;land;FALSE;plains;1
2143;228;175;127;land;FALSE;plains;1
2144;197;150;190;land;TRUE;plains;1
2145;187;240;253;land;TRUE;plains;1
2146;140;229;220;land;TRUE;forest;1
2147;115;250;212;land;FALSE;forest;1
2148;245;216;206;land;FALSE;forest;1
2149;78;241;214;land;FALSE;plains;1
2150;101;214;215;land;FALSE;hills;1
2151;157;239;182;land;FALSE;plains;1
2152;163;252;98;land;FALSE;plains;1
2153;191;213;171;land;FALSE;plains;1
2154;108;169;242;land;FALSE;forest;1
2155;206;166;243;land;FALSE;plains;1
2156;238;136;227;land;FALSE;forest;1
2157;251;245;22;land;FALSE;plains;1
2158;105;250;175;land;FALSE;plains;1
2159;185;93;237;land;FALSE;plains;1
2160;177;247;193;land;FALSE;forest;1
2161;193;191;192;land;FALSE;plains;1
2162;224;174;194;land;FALSE;plains;1
2163;198;101;220;land;TRUE;plains;1
2164;252;213;37;land;FALSE;forest;1
2165;195;236;188;land;FALSE;plains;1
2166;188;184;144;land;FALSE;plains;1
2167;160;198;198;land;FALSE;forest;1
2168;167;249;195;land;TRUE;plains;1
2169;225;157;179;land;FALSE;plains;1
2170;234;189;199;land;FALSE;plains;1
2171;168;91;249;land;TRUE;plains;1
2172;239;119;161;land;TRUE;plains;1
2173;244;181;186;land;FALSE;forest;1
2174;241;187;220;land;FALSE;urban;1
2175;170;219;160;land;FALSE;plains;1
2176;194;150;209;land;FALSE;forest;1
2177;237;235;249;land;FALSE;forest;1
2178;190;193;166;land;FALSE;forest;1
2179;140;239;247;land;FALSE;forest;1
2180;217;165;176;land;FALSE;forest;1
2181;219;167;251;land;TRUE;forest;1
2182;198;125;254;land;FALSE;forest;1
2183;231;90;240;land;FALSE;plains;1
2184;148;163;201;land;FALSE;forest;1
2185;91;227;231;land;FALSE;forest;1
2186;133;217;217;land;TRUE;forest;1
2187;225;239;193;land;FALSE;forest;1
2188;145;178;238;land;TRUE;plains;1
2189;205;172;135;land;FALSE;forest;1
2190;171;245;146;land;FALSE;forest;1
2191;244;238;63;land;FALSE;forest;1
2192;230;153;127;land;FALSE;forest;1
2193;235;220;218;land;TRUE;plains;1
2194;230;153;184;land;TRUE;plains;1
2195;196;243;87;land;FALSE;forest;1
2196;183;162;254;land;FALSE;urban;1
2197;164;213;219;land;FALSE;forest;1
2198;228;66;249;land;FALSE;forest;1
2199;106;247;249;land;FALSE;plains;1
2200;238;121;215;land;TRUE;plains;1
2201;252;135;175;land;TRUE;plains;1
2202;97;208;242;land;TRUE;urban;1
2203;114;251;233;land;FALSE;forest;1
2204;183;197;127;land;FALSE;plains;1
2205;184;132;185;land;FALSE;forest;1
2206;141;194;184;land;FALSE;plains;1
2207;227;126;193;land;TRUE;plains;1
2208;196;127;201;land;FALSE;forest;1
2209;85;254;186;land;FALSE;forest;1
2210;230;178;183;land;TRUE;plains;1
2211;235;150;221;land;FALSE;forest;1
2212;173;242;142;land;FALSE;plains;1
2213;189;190;215;land;FALSE;forest;1
2214;166;229;238;land;FALSE;plains;1
2215;68;246;221;land;FALSE;plains;1
2216;53;236;230;land;FALSE;plains;1
2217;254;38;239;land;FALSE;plains;1
2218;230;157;189;land;FALSE;plains;1
2219;206;200;133;land;FALSE;plains;1
2220;196;131;246;land;FALSE;forest;1
2221;212;209;101;land;FALSE;plains;1
2222;216;101;187;land;FALSE;plains;1
2223;245;147;154;land;FALSE;plains;1
2224;188;163;191;land;FALSE;plains;1
2225;225;222;214;land;FALSE;plains;1
2226;221;204;162;land;FALSE;hills;1
2227;196;250;123;land;FALSE;forest;1
2228;204;155;238;land;FALSE;plains;1
2229;240;118;215;land;FALSE;plains;1
2230;143;169;215;land;FALSE;plains;1
2231;188;150;225;land;FALSE;plains;1
2232;222;115;249;land;FALSE;forest;1
2233;156;223;169;land;FALSE;plains;1
2234;237;150;242;land;FALSE;forest;1
2235;243;101;159;land;FALSE;forest;1
2236;221;163;132;land;FALSE;forest;1
2237;170;157;213;land;FALSE;plains;1
2238;223;104;229;land;FALSE;plains;1
2239;248;246;156;land;FALSE;plains;1
2240;192;118;249;land;FALSE;plains;1
2241;24;253;228;land;FALSE;hills;1
2242;105;221;204;land;FALSE;hills;1
2243;247;185;243;land;TRUE;plains;1
2244;127;237;250;land;FALSE;plains;1
2245;173;169;203;land;FALSE;plains;1
2246;236;207;238;land;FALSE;plains;1
2247;210;186;230;land;TRUE;forest;1
2248;154;240;157;land;FALSE;plains;1
2249;168;228;214;land;TRUE;plains;1
2250;208;155;253;land;TRUE;plains;1
2251;186;228;207;land;TRUE;forest;1
2252;234;186;150;land;FALSE;plains;1
2253;215;176;173;land;FALSE;plains;1
2254;241;172;213;land;FALSE;plains;1
2255;196;135;242;land;FALSE;plains;1
2256;199;240;152;land;FALSE;plains;1
2257;180;110;251;land;FALSE;plains;1
2258;185;213;166;land;FALSE;forest;1
2259;181;199;143;land;FALSE;plains;1
2260;230;192;113;land;FALSE;plains;1
2261;195;230;172;land;FALSE;forest;1
2262;242;155;163;land;FALSE;forest;1
2263;242;66;254;land;FALSE;forest;1
2264;244;144;215;land;FALSE;plains;1
2265;146;182;227;land;FALSE;forest;1
2266;223;188;138;land;FALSE;forest;1
2267;191;200;139;land;FALSE;forest;1
2268;119;240;240;land;FALSE;plains;1
2269;172;251;184;land;FALSE;plains;1
2270;249;187;143;land;FALSE;plains;1
2271;254;218;239;land;FALSE;plains;1
2272;161;245;164;land;FALSE;forest;1
2273;221;140;143;land;FALSE;plains;1
2274;224;250;186;land;FALSE;plains;1
2275;183;142;177;land;FALSE;plains;1
2276;245;167;167;land;FALSE;plains;1
2277;192;247;253;land;FALSE;plains;1
2278;206;172;190;land;FALSE;hills;1
2279;163;146;213;land;FALSE;forest;1
2280;237;144;252;land;TRUE;plains;1
2281;209;131;163;land;FALSE;plains;1
2282;215;236;243;land;FALSE;forest;1
2283;254;95;209;land;FALSE;plains;1
2284;198;138;245;land;FALSE;plains;1
2285;214;247;212;land;FALSE;plains;1
2286;209;235;199;land;FALSE;plains;1
2287;250;226;172;land;FALSE;plains;1
2288;242;164;132;land;FALSE;plains;1
2289;177;115;250;land;FALSE;plains;1
2290;249;165;166;land;FALSE;plains;1
2291;225;207;210;land;FALSE;plains;1
2292;139;224;186;land;FALSE;plains;1
2293;189;240;72;land;FALSE;plains;1
2294;105;230;239;land;FALSE;plains;1
2295;193;167;254;land;FALSE;plains;1
2296;196;252;204;land;FALSE;plains;1
2297;206;219;233;land;FALSE;plains;1
2298;223;112;236;land;TRUE;plains;1
2299;171;217;198;land;FALSE;forest;1
2300;220;254;107;land;FALSE;plains;1
2301;201;195;235;land;FALSE;plains;1
2302;214;112;253;land;FALSE;plains;1
2303;186;197;126;land;FALSE;plains;1
2304;212;219;85;land;FALSE;plains;1
2305;174;161;177;land;FALSE;plains;1
2306;199;243;163;land;FALSE;plains;1
2307;217;116;250;land;FALSE;plains;1
2308;208;202;124;land;FALSE;plains;1
2309;198;173;143;land;FALSE;plains;1
2310;195;149;203;land;FALSE;plains;1
2311;207;229;163;land;FALSE;plains;1
2312;123;213;185;land;FALSE;plains;1
2313;235;204;202;land;FALSE;plains;1
2314;179;225;192;land;FALSE;plains;1
2315;236;190;215;land;FALSE;plains;1
2316;244;201;237;land;FALSE;plains;1
2317;238;213;216;land;FALSE;plains;1
2318;222;186;101;land;FALSE;plains;1
2319;123;205;252;land;FALSE;plains;1
2320;244;204;183;land;FALSE;plains;1
2321;241;211;166;land;FALSE;forest;1
2322;111;211;212;land;FALSE;plains;1
2323;217;193;200;land;FALSE;plains;1
2324;205;159;196;land;FALSE;plains;1
2325;194;251;180;land;FALSE;plains;1
2326;231;108;237;land;FALSE;plains;1
2327;141;163;215;land;FALSE;plains;1
2328;221;100;252;land;FALSE;forest;1
2329;107;234;237;land;FALSE;plains;1
2330;171;206;188;land;FALSE;forest;1
2331;244;232;37;land;FALSE;plains;1
2332;210;251;249;land;FALSE;plains;1
2333;246;157;129;land;FALSE;forest;1
2334;178;198;153;land;FALSE;plains;1
2335;238;107;181;land;FALSE;plains;1
2336;226;250;203;land;FALSE;plains;1
2337;218;180;208;land;FALSE;plains;1
2338;215;195;187;land;FALSE;plains;1
2339;95;196;236;land;FALSE;plains;1
2340;238;160;236;land;FALSE;plains;1
2341;230;177;183;land;FALSE;plains;1
2342;247;145;239;land;FALSE;plains;1
2343;227;251;70;land;FALSE;plains;1
2344;229;183;136;land;FALSE;plains;1
2345;120;246;146;land;FALSE;plains;1
2346;191;209;242;land;FALSE;plains;1
2347;231;242;47;land;FALSE;plains;1
2348;139;213;229;land;FALSE;plains;1
2349;227;190;220;land;FALSE;plains;1
2350;250;142;141;land;TRUE;plains;1
2351;179;145;239;land;TRUE;plains;1
2352;104;208;217;land;TRUE;plains;1
2353;254;107;187;land;TRUE;plains;1
2354;239;109;220;land;TRUE;plains;1
2355;235;151;253;land;TRUE;plains;1
2356;190;71;247;land;TRUE;plains;1
2357;242;175;179;land;TRUE;plains;1
2358;198;240;116;land;TRUE;plains;1
2359;175;170;214;land;TRUE;plains;1
2360;216;246;96;land;TRUE;plains;1
2361;157;250;99;land;TRUE;plains;1
2362;159;236;151;land;TRUE;plains;1
2363;88;170;245;land;TRUE;plains;1
2364;230;181;145;land;TRUE;plains;1
2365;169;171;182;land;TRUE;plains;1
2366;219;125;224;land;TRUE;plains;1
2367;227;248;97;land;TRUE;plains;1
2368;214;174;132;land;TRUE;plains;1
2369;223;208;195;land;TRUE;plains;1
2370;209;206;100;land;TRUE;plains;1
2371;214;138;167;land;TRUE;plains;1
2372;236;186;80;land;TRUE;plains;1
2373;181;237;198;land;TRUE;plains;1
2374;204;182;222;land;TRUE;plains;1
2375;219;196;237;land;TRUE;plains;1
2376;227;143;220;land;TRUE;plains;1
2377;155;203;184;land;TRUE;plains;1
2378;34;54;7;sea;FALSE;ocean;0
2379;15;37;5;sea;FALSE;ocean;0
2380;27;12;27;sea;FALSE;ocean;0
2381;35;7;41;sea;FALSE;ocean;0
2382;25;11;47;sea;FALSE;ocean;0
2383;31;1;3;sea;TRUE;ocean;0
2384;14;4;0;sea;FALSE;ocean;0
2385;10;17;26;sea;TRUE;ocean;0
2386;24;40;28;sea;FALSE;ocean;0
2387;0;31;33;sea;TRUE;ocean;0
2388;1;30;20;sea;TRUE;ocean;0
2389;11;27;54;sea;TRUE;ocean;0
2390;23;40;4;sea;TRUE;ocean;0
2391;34;60;0;sea;FALSE;ocean;0
2392;14;74;7;sea;TRUE;ocean;0
2393;2;49;34;sea;FALSE;ocean;0
2394;54;43;1;sea;TRUE;ocean;0
2395;10;16;21;sea;TRUE;ocean;0
2396;59;19;8;sea;FALSE;ocean;0
2397;12;33;49;sea;FALSE;ocean;0
2398;16;42;35;sea;FALSE;ocean;0
2399;27;5;3;sea;FALSE;ocean;0
2400;15;25;4;sea;FALSE;ocean;0
2401;30;47;12;sea;FALSE;ocean;0
2402;7;61;26;sea;FALSE;ocean;0
2403;15;5;30;sea;TRUE;ocean;0
2404;18;2;38;sea;FALSE;ocean;0
2405;12;76;10;sea;TRUE;ocean;0
2406;36;25;32;sea;FALSE;ocean;0
2407;2;77;1;land;TRUE;plains;1
2408;22;47;15;sea;FALSE;ocean;0
2409;25;13;54;sea;TRUE;ocean;0
2410;77;7;15;sea;FALSE;ocean;0
2411;34;58;6;sea;TRUE;ocean;0
2412;33;13;38;sea;FALSE;ocean;0
2413;68;0;0;sea;FALSE;ocean;0
2414;2;48;29;sea;FALSE;ocean;0
2415;2;41;34;land;TRUE;plains;1
2416;18;53;0;sea;FALSE;ocean;0
2417;39;6;32;sea;FALSE;ocean;0
2418;25;30;36;sea;FALSE;ocean;0
2419;3;8;47;sea;FALSE;ocean;0
2420;4;17;63;sea;FALSE;ocean;0
2421;33;30;34;sea;TRUE;ocean;0
2422;28;7;8;sea;FALSE;ocean;0
2423;58;4;22;sea;FALSE;ocean;0
2424;10;14;51;sea;TRUE;ocean;0
2425;20;38;24;sea;FALSE;ocean;0
2426;24;26;46;sea;TRUE;ocean;0
2427;1;6;21;sea;TRUE;ocean;0
2428;45;4;43;sea;FALSE;ocean;0
2429;13;78;3;sea;TRUE;ocean;0
2430;58;18;17;sea;TRUE;ocean;0
2431;9;82;1;sea;FALSE;ocean;0
2432;24;4;6;sea;TRUE;ocean;0
2433;31;13;34;sea;TRUE;ocean;0
2434;12;5;17;sea;FALSE;ocean;0
2435;15;48;31;sea;TRUE;ocean;0
2436;5;40;15;sea;FALSE;ocean;0
2437;7;14;12;sea;FALSE;ocean;0
2438;28;24;10;sea;FALSE;ocean;0
2439;22;2;53;sea;FALSE;ocean;0
2440;9;49;30;sea;TRUE;ocean;0
2441;46;23;10;sea;TRUE;ocean;0
2442;44;18;13;sea;FALSE;ocean;0
2443;48;19;28;sea;FALSE;ocean;0
2444;26;30;6;sea;FALSE;ocean;0
2445;34;32;12;sea;FALSE;ocean;0
2446;13;6;33;sea;FALSE;ocean;0
2447;1;41;12;sea;FALSE;ocean;0
2448;13;58;0;sea;TRUE;ocean;0
2449;15;23;0;sea;TRUE;ocean;0
2450;23;35;27;sea;FALSE;ocean;0
2451;56;7;9;sea;FALSE;ocean;0
2452;7;42;46;sea;TRUE;ocean;0
2453;16;2;45;sea;TRUE;ocean;0
2454;18;6;13;sea;FALSE;ocean;0
2455;6;5;0;sea;FALSE;ocean;0
2456;36;8;17;land;TRUE;plains;1
2457;35;18;5;sea;TRUE;ocean;0
2458;37;18;33;land;TRUE;plains;1
2459;16;58;12;sea;TRUE;ocean;0
2460;9;4;26;sea;TRUE;ocean;0
2461;17;56;23;sea;FALSE;ocean;0
2462;28;21;45;sea;FALSE;ocean;0
2463;20;44;9;sea;FALSE;ocean;0
2464;7;60;2;sea;FALSE;ocean;0
2465;10;45;26;sea;FALSE;ocean;0
2466;7;90;0;sea;FALSE;ocean;0
2467;21;17;27;sea;FALSE;ocean;0
2468;4;27;28;sea;FALSE;ocean;0
2469;53;1;5;sea;FALSE;ocean;0
2470;31;40;5;sea;TRUE;ocean;0
2471;20;13;52;sea;FALSE;ocean;0
2472;3;27;26;sea;FALSE;ocean;0
2473;18;41;24;sea;FALSE;ocean;0
2474;20;3;59;sea;FALSE;ocean;0
2475;24;27;32;sea;FALSE;ocean;0
2476;14;27;13;sea;FALSE;ocean;0
2477;35;34;25;sea;TRUE;ocean;0
2478;32;34;18;sea;FALSE;ocean;0
2479;13;52;6;sea;FALSE;ocean;0
2480;5;68;16;sea;TRUE;ocean;0
2481;22;76;1;sea;FALSE;ocean;0
2482;27;5;33;land;TRUE;plains;1
2483;68;19;12;sea;FALSE;ocean;0
2484;48;39;12;sea;FALSE;ocean;0
2485;32;6;23;sea;FALSE;ocean;0
2486;54;13;25;sea;FALSE;ocean;0
2487;53;5;16;sea;TRUE;ocean;0
2488;17;70;7;sea;TRUE;ocean;0
2489;37;26;19;sea;FALSE;ocean;0
2490;48;38;13;sea;FALSE;ocean;0
2491;22;13;24;sea;FALSE;ocean;0
2492;68;2;3;sea;FALSE;ocean;0
2493;4;0;3;sea;FALSE;ocean;0
2494;30;2;55;sea;FALSE;ocean;0
2495;8;3;79;sea;TRUE;ocean;0
2496;45;47;1;sea;TRUE;ocean;0
2497;7;5;65;sea;FALSE;ocean;0
2498;50;40;6;sea;TRUE;ocean;0
2499;21;63;4;sea;FALSE;ocean;0
2500;15;36;18;sea;FALSE;ocean;0
2501;4;75;19;sea;FALSE;ocean;0
2502;24;23;7;sea;FALSE;ocean;0
2503;22;5;66;sea;TRUE;ocean;0
2504;6;10;20;sea;FALSE;ocean;0
2505;5;14;62;sea;FALSE;ocean;0
2506;37;35;6;sea;TRUE;ocean;0
2507;6;54;38;sea;FALSE;ocean;0
2508;9;58;20;sea;TRUE;ocean;0
2509;31;54;9;land;TRUE;plains;1
2510;0;11;61;land;TRUE;plains;1
2511;11;11;57;sea;TRUE;ocean;0
2512;14;0;8;sea;TRUE;ocean;0
2513;39;33;21;sea;TRUE;ocean;0
2514;25;40;32;sea;FALSE;ocean;0
2515;33;16;24;sea;TRUE;ocean;0
2516;36;0;24;sea;TRUE;ocean;0
2517;7;27;65;sea;FALSE;ocean;0
2518;19;9;47;sea;TRUE;ocean;0
2519;52;6;29;sea;FALSE;ocean;0
2520;20;19;36;sea;TRUE;ocean;0
2521;11;5;56;sea;FALSE;ocean;0
2522;4;14;10;sea;FALSE;ocean;0
2523;0;80;19;sea;FALSE;ocean;0
2524;4;32;37;land;TRUE;plains;1
2525;32;35;19;sea;TRUE;ocean;0
2526;5;2;2;sea;TRUE;ocean;0
2527;58;7;13;sea;FALSE;ocean;0
2528;17;22;29;sea;TRUE;ocean;0
2529;21;53;7;sea;FALSE;ocean;0
2530;10;13;15;sea;FALSE;ocean;0
2531;49;3;15;sea;FALSE;ocean;0
2532;29;58;4;sea;TRUE;ocean;0
2533;30;41;25;sea;FALSE;ocean;0
2534;36;50;9;sea;FALSE;ocean;0
2535;7;12;26;sea;FALSE;ocean;0
2536;4;2;43;sea;TRUE;ocean;0
2537;30;18;51;sea;FALSE;ocean;0
2538;8;11;11;sea;FALSE;ocean;0
2539;46;9;18;sea;TRUE;ocean;0
2540;12;18;25;sea;TRUE;ocean;0
2541;27;2;3;sea;TRUE;ocean;0
2542;53;5;12;sea;TRUE;ocean;0
2543;3;26;7;sea;FALSE;ocean;0
2544;33;13;30;sea;TRUE;ocean;0
2545;64;21;1;sea;FALSE;ocean;0
2546;29;2;33;sea;FALSE;ocean;0
2547;10;47;19;sea;FALSE;ocean;0
2548;9;36;29;sea;FALSE;ocean;0
2549;12;28;16;sea;FALSE;ocean;0
2550;15;13;24;sea;TRUE;ocean;0
2551;1;40;7;sea;FALSE;ocean;0
2552;45;27;13;sea;TRUE;ocean;0
2553;3;47;34;sea;FALSE;ocean;0
2554;34;12;51;sea;FALSE;ocean;0
2555;41;1;3;sea;TRUE;ocean;0
2556;18;8;73;sea;FALSE;ocean;0
2557;17;21;3;sea;TRUE;ocean;0
2558;46;7;43;sea;FALSE;ocean;0
2559;8;21;54;sea;TRUE;ocean;0
2560;60;15;17;sea;TRUE;ocean;0
2561;24;49;8;sea;FALSE;ocean;0
2562;47;4;19;sea;TRUE;ocean;0
2563;8;40;50;sea;FALSE;ocean;0
2564;28;13;23;sea;TRUE;ocean;0
2565;7;0;65;sea;FALSE;ocean;0
2566;42;9;31;sea;TRUE;ocean;0
2567;29;7;24;sea;FALSE;ocean;0
2568;8;4;34;land;TRUE;plains;1
2569;23;34;14;sea;TRUE;ocean;0
2570;8;4;65;sea;FALSE;ocean;0
2571;71;0;28;sea;TRUE;ocean;0
2572;10;8;17;sea;FALSE;ocean;0
2573;18;68;6;sea;FALSE;ocean;0
2574;5;11;25;sea;FALSE;ocean;0
2575;2;6;39;sea;TRUE;ocean;0
2576;65;22;11;sea;TRUE;ocean;0
2577;38;28;27;sea;TRUE;ocean;0
2578;26;28;11;sea;TRUE;ocean;0
2579;4;15;10;sea;FALSE;ocean;0
2580;50;4;22;sea;TRUE;ocean;0
2581;21;12;4;sea;FALSE;ocean;0
2582;24;9;52;sea;TRUE;ocean;0
2583;49;9;0;sea;TRUE;ocean;0
2584;1;35;3;sea;FALSE;ocean;0
2585;5;34;50;sea;TRUE;ocean;0
2586;33;6;38;sea;FALSE;ocean;0
2587;22;19;40;sea;TRUE;ocean;0
2588;52;37;0;sea;FALSE;ocean;0
2589;70;25;1;sea;FALSE;ocean;0
2590;18;0;12;sea;TRUE;ocean;0
2591;29;10;14;sea;FALSE;ocean;0
2592;16;34;1;sea;FALSE;ocean;0
2593;86;10;1;sea;FALSE;ocean;0
2594;75;1;19;sea;FALSE;ocean;0
2595;54;7;34;sea;FALSE;ocean;0
2596;27;9;43;sea;FALSE;ocean;0
2597;36;36;25;sea;TRUE;ocean;0
2598;30;21;26;sea;TRUE;ocean;0
2599;50;18;7;sea;FALSE;ocean;0
2600;7;1;12;sea;FALSE;ocean;0
2601;36;7;0;sea;TRUE;ocean;0
2602;26;54;19;land;TRUE;plains;1
2603;21;15;19;sea;TRUE;ocean;0
2604;39;9;5;sea;FALSE;ocean;0
2605;27;49;3;sea;FALSE;ocean;0
2606;20;28;1;sea;FALSE;ocean;0
2607;82;4;4;sea;FALSE;ocean;0
2608;14;29;45;sea;TRUE;ocean;0
2609;23;6;28;sea;FALSE;ocean;0
2610;59;27;8;sea;FALSE;ocean;0
2611;46;43;2;sea;TRUE;ocean;0
2612;1;34;3;sea;TRUE;ocean;0
2613;28;16;42;sea;TRUE;ocean;0
2614;24;0;58;sea;FALSE;ocean;0
2615;87;3;3;sea;FALSE;ocean;0
2616;16;40;15;sea;TRUE;ocean;0
2617;24;22;14;sea;FALSE;ocean;0
2618;5;39;32;sea;FALSE;ocean;0
2619;51;3;15;land;TRUE;plains;1
2620;7;56;23;sea;FALSE;ocean;0
2621;7;15;25;sea;FALSE;ocean;0
2622;44;27;6;sea;TRUE;ocean;0
2623;26;9;53;sea;FALSE;ocean;0
2624;27;16;41;sea;FALSE;ocean;0
2625;0;56;22;sea;FALSE;ocean;0
2626;18;18;37;sea;FALSE;ocean;0
2627;11;13;41;sea;TRUE;ocean;0
2628;12;24;28;sea;TRUE;ocean;0
2629;16;25;49;land;TRUE;plains;1
2630;21;32;37;sea;FALSE;ocean;0
2631;15;20;2;sea;TRUE;ocean;0
2632;11;27;56;sea;TRUE;ocean;0
2633;57;2;32;sea;TRUE;ocean;0
2634;22;1;22;sea;FALSE;ocean;0
2635;29;5;3;sea;FALSE;ocean;0
2636;7;27;48;sea;TRUE;ocean;0
2637;16;34;36;sea;FALSE;ocean;0
2638;44;9;23;sea;TRUE;ocean;0
2639;11;58;19;land;TRUE;plains;1
2640;14;9;13;sea;TRUE;ocean;0
2641;24;3;58;sea;TRUE;ocean;0
2642;29;50;1;sea;TRUE;ocean;0
2643;14;12;54;sea;FALSE;ocean;0
2644;48;22;27;sea;FALSE;ocean;0
2645;43;37;7;sea;FALSE;ocean;0
2646;9;17;73;sea;FALSE;ocean;0
2647;16;18;21;sea;FALSE;ocean;0
2648;8;68;5;sea;FALSE;ocean;0
2649;23;23;24;sea;FALSE;ocean;0
2650;4;48;35;sea;TRUE;ocean;0
2651;16;13;69;sea;TRUE;ocean;0
2652;7;18;56;sea;TRUE;ocean;0
2653;34;8;0;sea;TRUE;ocean;0
2654;10;28;22;sea;TRUE;ocean;0
2655;52;25;21;sea;FALSE;ocean;0
2656;34;35;3;sea;FALSE;ocean;0
2657;29;8;56;sea;FALSE;ocean;0
2658;7;60;31;land;TRUE;plains;1
2659;40;7;12;sea;TRUE;ocean;0
2660;29;43;16;sea;TRUE;ocean;0
2661;7;36;0;sea;FALSE;ocean;0
2662;94;1;3;sea;TRUE;ocean;0
2663;1;4;22;sea;TRUE;ocean;0
2664;48;1;34;sea;TRUE;ocean;0
2665;7;16;47;sea;FALSE;ocean;0
2666;26;5;64;sea;FALSE;ocean;0
2667;4;53;34;sea;FALSE;ocean;0
2668;35;33;30;sea;FALSE;ocean;0
2669;11;5;25;sea;FALSE;ocean;0
2670;23;19;34;sea;TRUE;ocean;0
2671;37;9;9;sea;FALSE;ocean;0
2672;1;77;12;sea;TRUE;ocean;0
2673;32;25;27;sea;TRUE;ocean;0
2674;8;12;45;sea;TRUE;ocean;0
2675;79;3;10;sea;FALSE;ocean;0
2676;30;26;5;sea;TRUE;ocean;0
2677;29;10;54;sea;TRUE;ocean;0
2678;4;7;65;sea;TRUE;ocean;0
2679;12;8;2;sea;TRUE;ocean;0
2680;31;18;39;sea;TRUE;ocean;0
2681;10;54;24;sea;FALSE;ocean;0
2682;3;16;71;sea;TRUE;ocean;0
2683;5;7;64;sea;TRUE;ocean;0
2684;19;29;16;sea;TRUE;ocean;0
2685;27;49;20;sea;FALSE;ocean;0
2686;20;60;5;sea;FALSE;ocean;0
2687;68;27;1;sea;FALSE;ocean;0
2688;19;71;4;sea;FALSE;ocean;0
2689;31;8;8;sea;TRUE;ocean;0
2690;27;1;43;sea;FALSE;ocean;0
2691;14;15;27;sea;FALSE;ocean;0
2692;29;17;51;sea;TRUE;ocean;0
2693;17;69;6;sea;FALSE;ocean;0
2694;70;26;2;sea;TRUE;ocean;0
2695;22;7;57;sea;FALSE;ocean;0
2696;35;8;20;sea;FALSE;ocean;0
2697;11;2;84;sea;FALSE;ocean;0
2698;0;34;15;sea;FALSE;ocean;0
2699;8;56;23;sea;FALSE;ocean;0
2700;21;0;44;sea;TRUE;ocean;0
2701;7;32;42;sea;FALSE;ocean;0
2702;31;2;52;sea;TRUE;ocean;0
2703;4;34;45;sea;FALSE;ocean;0
2704;7;4;7;sea;TRUE;ocean;0
2705;45;5;49;sea;FALSE;ocean;0
2706;33;30;32;sea;TRUE;ocean;0
2707;11;48;5;sea;TRUE;ocean;0
2708;31;30;10;sea;FALSE;ocean;0
2709;6;6;4;sea;FALSE;ocean;0
2710;30;66;1;sea;TRUE;ocean;0
2711;83;5;9;land;TRUE;plains;1
2712;33;30;31;sea;FALSE;ocean;0
2713;56;16;25;land;TRUE;plains;1
2714;38;47;5;sea;TRUE;ocean;0
2715;31;9;59;sea;TRUE;ocean;0
2716;15;0;76;sea;FALSE;ocean;0
2717;11;49;35;sea;FALSE;ocean;0
2718;13;27;24;sea;FALSE;ocean;0
2719;41;37;12;sea;FALSE;ocean;0
2720;19;27;45;sea;FALSE;ocean;0
2721;7;51;34;sea;FALSE;ocean;0
2722;30;12;38;sea;TRUE;ocean;0
2723;31;11;40;sea;FALSE;ocean;0
2724;36;34;23;sea;FALSE;ocean;0
2725;37;27;34;sea;TRUE;ocean;0
2726;9;68;11;sea;FALSE;ocean;0
2727;13;33;50;sea;FALSE;ocean;0
2728;5;19;28;sea;FALSE;ocean;0
2729;14;13;60;sea;TRUE;ocean;0
2730;19;1;4;sea;FALSE;ocean;0
2731;9;35;16;land;TRUE;plains;1
2732;73;10;16;sea;TRUE;ocean;0
2733;11;3;60;sea;FALSE;ocean;0
2734;6;42;1;sea;TRUE;ocean;0
2735;5;66;12;sea;TRUE;ocean;0
2736;23;31;11;sea;FALSE;ocean;0
2737;20;8;3;sea;FALSE;ocean;0
2738;32;10;56;sea;TRUE;ocean;0
2739;29;16;17;sea;TRUE;ocean;0
2740;49;6;25;sea;FALSE;ocean;0
2741;14;10;21;sea;FALSE;ocean;0
2742;47;27;5;sea;FALSE;ocean;0
2743;32;55;11;sea;TRUE;ocean;0
2744;7;7;50;sea;TRUE;ocean;0
2745;2;61;25;sea;TRUE;ocean;0
2746;57;22;17;sea;FALSE;ocean;0
2747;36;18;14;sea;TRUE;ocean;0
2748;74;13;0;sea;FALSE;ocean;0
2749;8;62;4;sea;FALSE;ocean;0
2750;32;1;3;sea;TRUE;ocean;0
2751;59;9;4;land;TRUE;plains;1
2752;0;85;8;sea;TRUE;ocean;0
2753;37;4;1;sea;FALSE;ocean;0
2754;23;9;64;sea;TRUE;ocean;0
2755;42;5;7;sea;TRUE;ocean;0
2756;32;47;0;sea;FALSE;ocean;0
2757;56;27;4;sea;TRUE;ocean;0
2758;29;49;10;sea;FALSE;ocean;0
2759;38;0;22;sea;FALSE;ocean;0
2760;40;20;30;sea;FALSE;ocean;0
2761;21;17;1;sea;FALSE;ocean;0
2762;49;3;30;sea;FALSE;ocean;0
2763;29;3;39;sea;FALSE;ocean;0
2764;51;22;15;sea;FALSE;ocean;0
2765;3;2;39;sea;TRUE;ocean;0
2766;74;16;1;sea;FALSE;ocean;0
2767;37;22;6;sea;TRUE;ocean;0
2768;6;9;32;sea;FALSE;ocean;0
2769;8;80;1;sea;TRUE;ocean;0
2770;24;21;15;sea;TRUE;ocean;0
2771;24;1;14;sea;FALSE;ocean;0
2772;14;57;11;sea;FALSE;ocean;0
2773;14;34;27;sea;FALSE;ocean;0
2774;8;2;72;sea;FALSE;ocean;0
2775;8;43;48;sea;FALSE;ocean;0
2776;46;2;3;sea;TRUE;ocean;0
2777;37;3;3;sea;TRUE;ocean;0
2778;6;6;38;sea;FALSE;ocean;0
2779;33;14;7;sea;TRUE;ocean;0
